Record ID,User ID,User Name,Age,Gender,City,Height (cm),Weight (kg),Workout Type,Workout Duration (Minutes),Calories Burned,Steps,Heart Rate (BPM),Resting Heart Rate (BPM),Sleep Hours,Water Intake (Liters),Daily Calories Intake,Workout Frequency,Fitness Level,Activity Date,Age Group,BMI,BMI Category,Sleep Category,Fitness Level Numeric,Fitness Score,Fitness Score Category,User Fitness Rank,Year,Month,Month Name,Day,Day of Week,Is Weekend,Year-Month
R0311,U027,User_027,30,Male,Multan,178.7,83.2,Weight Training,101,655,12560,158,66,6.9,3.9,2688,4,Intermediate,2026-02-28,26-35,26.053988749812504,Overweight,6-8 hours,2,66.41,Good,23,2026,2,February,28,Saturday,True,2026-02
R0391,U021,User_021,37,Female,Lahore,161.0,85.5,Walking,73,283,12566,144,67,6.8,2.3,2668,5,Advanced,2026-06-23,36-45,32.98483854789553,Obese,6-8 hours,3,53.63,Good,34,2026,6,June,23,Tuesday,False,2026-06
R0007,U030,User_030,38,Male,Faisalabad,160.6,73.8,Walking,44,213,5675,133,73,7.1,2.5,2449,3,Beginner,2026-03-22,36-45,28.613124196467485,Overweight,6-8 hours,1,26.26,Moderate,52,2026,3,March,22,Sunday,True,2026-03
R0185,U051,User_051,23,Female,Sialkot,169.6,89.4,Cardio,46,366,8653,121,78,6.2,2.5,2157,2,Beginner,2025-11-01,18-25,31.08034442862229,Obese,6-8 hours,1,31.24,Moderate,45,2025,11,November,1,Saturday,True,2025-11
R0079,U027,User_027,30,Male,Multan,178.7,83.2,Weight Training,77,552,9766,143,62,5.9,3.4,2577,4,Beginner,2025-12-23,26-35,26.053988749812504,Overweight,Less than 6 hours,1,51.39,Good,23,2025,12,December,23,Tuesday,False,2025-12
R0408,U074,User_074,37,Female,Islamabad,172.6,68.8,Yoga,56,203,9978,150,66,6.1,3.4,2083,4,Intermediate,2025-12-15,36-45,23.094409138941067,Normal Weight,6-8 hours,2,38.37,Moderate,37,2025,12,December,15,Monday,False,2025-12
R0306,U064,User_064,20,Male,Faisalabad,176.7,63.5,HIIT,35,393,11439,121,73,6.1,2.7,3012,4,Intermediate,2025-10-19,18-25,20.33764331232631,Normal Weight,6-8 hours,2,41.0,Moderate,64,2025,10,October,19,Sunday,True,2025-10
R0488,U029,User_029,32,Female,Islamabad,156.6,71.7,Weight Training,67,485,9037,153,78,6.0,3.1,2429,3,Intermediate,2025-09-09,26-35,29.237190685202318,Overweight,Less than 6 hours,2,42.85,Moderate,55,2025,9,September,9,Tuesday,False,2025-09
R0118,U064,User_064,20,Male,Faisalabad,176.7,63.5,Weight Training,65,450,12989,142,64,7.1,3.3,2620,6,Professional,2026-02-24,18-25,20.33764331232631,Normal Weight,6-8 hours,4,60.62,Good,64,2026,2,February,24,Tuesday,False,2026-02
R0138,U086,User_086,43,Male,Multan,168.5,95.0,Running,41,456,10913,141,80,6.6,2.9,2786,5,Intermediate,2026-03-23,36-45,33.45983499018217,Obese,6-8 hours,2,47.2,Moderate,75,2026,3,March,23,Monday,False,2026-03
R0011,U063,User_063,43,Female,Peshawar,163.0,78.2,Yoga,33,116,9580,122,76,7.3,3.1,2128,4,Beginner,2025-12-26,36-45,29.43279762128797,Overweight,6-8 hours,1,32.1,Moderate,54,2025,12,December,26,Friday,False,2025-12
R0512,U054,User_054,28,Female,Faisalabad,175.1,81.4,Swimming,51,474,10371,149,70,9.1,3.4,2728,4,Beginner,2025-08-31,26-35,26.549241177677377,Overweight,More than 8 hours,1,49.85,Moderate,12,2025,8,August,31,Sunday,True,2025-08
R0076,U078,User_078,37,Male,Quetta,178.3,69.6,Walking,47,235,9535,145,65,7.5,2.5,2543,4,Intermediate,2026-04-20,36-45,21.89306433383903,Normal Weight,6-8 hours,2,38.63,Moderate,30,2026,4,April,20,Monday,False,2026-04
R0440,U022,User_022,37,Male,Sialkot,170.4,76.6,Running,65,644,14132,136,76,6.1,3.5,2255,3,Beginner,2026-01-25,36-45,26.380898851638783,Overweight,6-8 hours,1,55.97,Good,29,2026,1,January,25,Sunday,True,2026-01
R0480,U092,User_092,55,Female,Sialkot,156.1,72.2,Weight Training,74,610,10724,130,67,6.0,3.4,2357,6,Professional,2025-08-09,46-55,29.629982258945528,Overweight,Less than 6 hours,4,60.76,Good,87,2025,8,August,9,Saturday,True,2025-08
R0141,U040,User_040,37,Male,Multan,175.8,72.3,Weight Training,68,462,10126,123,73,6.7,3.6,2405,3,Beginner,2025-11-23,36-45,23.393788318248706,Normal Weight,6-8 hours,1,45.68,Moderate,49,2025,11,November,23,Sunday,True,2025-11
R0003,U038,User_038,61,Male,Quetta,174.9,84.2,HIIT,32,438,6155,123,73,6.5,1.9,2449,1,Beginner,2026-02-16,56+,27.525326078677317,Overweight,6-8 hours,1,22.39,Low,80,2026,2,February,16,Monday,False,2026-02
R0156,U022,User_022,37,Male,Sialkot,170.4,76.6,Walking,35,168,11384,137,66,6.6,2.6,2158,6,Professional,2026-01-14,36-45,26.380898851638783,Overweight,6-8 hours,4,42.69,Moderate,29,2026,1,January,14,Wednesday,False,2026-01
R0377,U072,User_072,19,Male,Sialkot,163.1,50.9,Yoga,40,143,7800,119,74,8.1,2.4,1766,3,Beginner,2025-09-25,18-25,19.134180224430025,Normal Weight,More than 8 hours,1,29.15,Moderate,57,2025,9,September,25,Thursday,False,2025-09
R0132,U025,User_025,18,Male,Rawalpindi,172.2,59.6,Yoga,39,122,9803,119,77,5.3,3.3,2080,3,Beginner,2026-06-04,18-25,20.099255248401164,Normal Weight,Less than 6 hours,1,27.36,Moderate,24,2026,6,June,4,Thursday,False,2026-06
R0507,U067,User_067,18,Male,Gujranwala,173.5,75.7,Running,54,594,12965,150,63,8.2,3.3,2096,7,Professional,2026-01-20,18-25,25.14762185550914,Overweight,More than 8 hours,4,66.86,Good,17,2026,1,January,20,Tuesday,False,2026-01
R0281,U014,User_014,40,Male,Quetta,155.4,62.7,Running,65,769,9837,142,70,7.9,3.9,2341,5,Advanced,2026-03-04,36-45,25.963636002246037,Overweight,6-8 hours,3,60.93,Good,36,2026,3,March,4,Wednesday,False,2026-03
R0292,U097,User_097,33,Male,Karachi,179.5,93.8,HIIT,24,275,10945,122,69,6.3,2.8,2290,3,Beginner,2026-02-18,26-35,29.112126690512955,Overweight,6-8 hours,1,31.54,Moderate,74,2026,2,February,18,Wednesday,False,2026-02
R0282,U032,User_032,36,Male,Karachi,173.6,63.1,Swimming,47,437,6659,99,89,6.8,3.3,2197,1,Beginner,2026-02-21,36-45,20.93774554566884,Normal Weight,6-8 hours,1,27.28,Moderate,26,2026,2,February,21,Saturday,True,2026-02
R0334,U056,User_056,35,Female,Multan,170.9,58.5,Yoga,26,94,10611,116,70,6.7,2.2,2606,3,Intermediate,2026-01-27,26-35,20.029575294255004,Normal Weight,6-8 hours,2,27.47,Moderate,91,2026,1,January,27,Tuesday,False,2026-01
R0288,U015,User_015,35,Male,Gujranwala,165.0,68.9,Running,48,508,11294,123,69,7.7,2.1,2188,5,Professional,2026-05-16,26-35,25.30762167125804,Overweight,6-8 hours,4,52.7,Good,27,2026,5,May,16,Saturday,True,2026-05
R0251,U099,User_099,37,Male,Peshawar,160.2,104.3,Cardio,61,412,8918,126,67,5.7,3.7,2607,4,Beginner,2026-07-07,36-45,40.64052269245217,Obese,Less than 6 hours,1,42.21,Moderate,44,2026,7,July,7,Tuesday,False,2026-07
R0465,U032,User_032,36,Male,Karachi,173.6,63.1,Walking,27,119,10568,100,73,7.1,3.0,2363,3,Beginner,2025-12-19,36-45,20.93774554566884,Normal Weight,6-8 hours,1,28.93,Moderate,26,2025,12,December,19,Friday,False,2025-12
R0437,U049,User_049,40,Male,Lahore,164.8,56.9,Yoga,60,230,9319,154,70,8.0,3.3,1993,4,Intermediate,2026-07-21,36-45,20.950666886605706,Normal Weight,6-8 hours,2,41.97,Moderate,53,2026,7,July,21,Tuesday,False,2026-07
R0508,U088,User_088,25,Female,Karachi,159.8,78.0,Walking,28,169,8132,114,68,5.7,2.1,2557,5,Intermediate,2026-03-07,18-25,30.54506493567522,Obese,Less than 6 hours,2,30.26,Moderate,77,2026,3,March,7,Saturday,True,2026-03
R0006,U082,User_082,39,Female,Gujranwala,162.6,67.7,Running,69,640,8286,145,73,6.0,2.7,2455,3,Beginner,2025-08-21,36-45,25.606344624331857,Overweight,Less than 6 hours,1,45.87,Moderate,51,2025,8,August,21,Thursday,False,2025-08
R0056,U050,User_050,58,Male,Karachi,178.8,53.8,Running,45,485,10709,127,77,6.5,2.7,2828,3,Beginner,2026-06-15,56+,16.828571285577723,Underweight,6-8 hours,1,41.65,Moderate,71,2026,6,June,15,Monday,False,2026-06
R0375,U005,User_005,32,Male,Gujranwala,174.6,73.7,Running,41,428,8105,124,69,6.3,3.7,2675,5,Advanced,2025-12-06,26-35,24.175697290091314,Normal Weight,6-8 hours,3,40.81,Moderate,59,2025,12,December,6,Saturday,True,2025-12
R0339,U029,User_029,32,Female,Islamabad,156.6,71.7,Walking,55,242,11436,128,66,6.8,3.3,2649,6,Advanced,2025-11-29,26-35,29.237190685202318,Overweight,6-8 hours,3,49.66,Moderate,55,2025,11,November,29,Saturday,True,2025-11
R0031,U069,User_069,37,Male,Islamabad,158.2,64.9,Running,39,405,6655,117,67,5.6,3.3,2750,3,Beginner,2025-08-10,36-45,25.931744770897634,Overweight,Less than 6 hours,1,29.25,Moderate,48,2025,8,August,10,Sunday,True,2025-08
R0074,U034,User_034,33,Female,Quetta,195.0,69.0,Running,70,856,8861,162,71,7.0,2.8,2377,2,Beginner,2025-11-13,26-35,18.14595660749507,Underweight,6-8 hours,1,50.99,Good,56,2025,11,November,13,Thursday,False,2025-11
R0333,U052,User_052,28,Female,Islamabad,159.3,83.9,Running,72,805,9359,155,64,7.3,3.7,2711,4,Advanced,2026-04-08,26-35,33.062098028529554,Obese,6-8 hours,3,58.25,Good,33,2026,4,April,8,Wednesday,False,2026-04
R0069,U001,User_001,35,Male,Multan,169.1,75.0,Swimming,62,630,11919,126,57,6.1,3.4,2745,6,Professional,2025-08-04,26-35,26.22853587766452,Overweight,6-8 hours,4,60.84,Good,42,2025,8,August,4,Monday,False,2025-08
R0010,U051,User_051,23,Female,Sialkot,169.6,89.4,Weight Training,68,529,5129,136,64,6.8,4.2,2124,6,Advanced,2025-12-09,18-25,31.08034442862229,Obese,6-8 hours,3,48.35,Moderate,45,2025,12,December,9,Tuesday,False,2025-12
R0080,U073,User_073,40,Male,Lahore,184.9,61.2,Cardio,33,286,11536,112,54,7.7,1.9,2282,6,Advanced,2026-07-06,36-45,17.901012664966462,Underweight,6-8 hours,3,47.35,Moderate,86,2026,7,July,6,Monday,False,2026-07
R0102,U028,User_028,25,Male,Karachi,178.5,81.2,Running,58,610,7786,144,74,6.7,2.9,2533,2,Beginner,2025-08-17,18-25,25.48470368539573,Overweight,6-8 hours,1,39.47,Moderate,41,2025,8,August,17,Sunday,True,2025-08
R0105,U088,User_088,25,Female,Karachi,159.8,78.0,Running,57,572,11289,149,69,6.6,3.5,2505,3,Intermediate,2026-05-19,18-25,30.54506493567522,Obese,6-8 hours,2,47.89,Moderate,77,2026,5,May,19,Tuesday,False,2026-05
R0278,U040,User_040,37,Male,Multan,175.8,72.3,Yoga,62,405,9740,147,65,6.1,2.7,2609,6,Advanced,2026-03-29,36-45,23.393788318248706,Normal Weight,6-8 hours,3,51.12,Good,49,2026,3,March,29,Sunday,True,2026-03
R0133,U068,User_068,36,Female,Gujranwala,176.8,64.4,Cycling,38,343,8442,111,71,6.6,3.4,2417,1,Beginner,2026-03-23,36-45,20.602567514997645,Normal Weight,6-8 hours,1,25.75,Moderate,94,2026,3,March,23,Monday,False,2026-03
R0439,U063,User_063,43,Female,Peshawar,163.0,78.2,Walking,29,161,6958,122,76,6.0,2.0,1952,2,Beginner,2025-09-23,36-45,29.43279762128797,Overweight,Less than 6 hours,1,18.63,Low,54,2025,9,September,23,Tuesday,False,2025-09
R0326,U097,User_097,33,Male,Karachi,179.5,93.8,Swimming,39,330,5848,103,67,6.6,2.3,2522,1,Beginner,2026-03-15,26-35,29.112126690512955,Overweight,6-8 hours,1,20.88,Low,74,2026,3,March,15,Sunday,True,2026-03
R0073,U046,User_046,24,Female,Sialkot,152.2,80.9,HIIT,15,179,8520,110,73,7.0,2.5,2748,3,Beginner,2025-08-21,18-25,34.92361699886553,Obese,6-8 hours,1,23.72,Low,88,2025,8,August,21,Thursday,False,2025-08
R0229,U065,User_065,37,Male,Faisalabad,161.9,59.7,Walking,36,172,8700,115,72,7.5,3.5,2091,5,Advanced,2026-01-22,36-45,22.77616674443119,Normal Weight,6-8 hours,3,36.27,Moderate,99,2026,1,January,22,Thursday,False,2026-01
R0358,U072,User_072,19,Male,Sialkot,163.1,50.9,Swimming,33,289,8916,117,73,7.2,2.7,1871,1,Beginner,2025-09-23,18-25,19.134180224430025,Normal Weight,6-8 hours,1,25.1,Moderate,57,2025,9,September,23,Tuesday,False,2025-09
R0078,U045,User_045,43,Male,Gujranwala,189.8,73.5,Yoga,53,213,12349,146,63,6.5,3.6,2340,7,Professional,2025-08-16,36-45,20.403041968640938,Normal Weight,6-8 hours,4,52.96,Good,21,2025,8,August,16,Saturday,True,2025-08
R0036,U077,User_077,27,Female,Lahore,188.1,84.9,Walking,45,217,10224,135,69,6.9,2.8,2093,5,Advanced,2026-04-07,26-35,23.99551631483135,Normal Weight,6-8 hours,3,41.3,Moderate,83,2026,4,April,7,Tuesday,False,2026-04
R0091,U036,User_036,34,Female,Faisalabad,179.2,88.5,Running,30,338,8632,129,64,7.4,1.9,2456,5,Intermediate,2025-09-10,26-35,27.559241470025515,Overweight,6-8 hours,2,38.79,Moderate,89,2025,9,September,10,Wednesday,False,2025-09
R0433,U052,User_052,28,Female,Islamabad,159.3,83.9,Walking,49,250,7515,138,74,8.8,3.1,2379,2,Intermediate,2025-09-06,26-35,33.062098028529554,Obese,More than 8 hours,2,31.27,Moderate,33,2025,9,September,6,Saturday,True,2025-09
R0514,U051,User_051,23,Female,Sialkot,169.6,89.4,Weight Training,79,559,12631,148,72,6.6,4.0,2366,4,Intermediate,2025-09-16,18-25,31.08034442862229,Obese,6-8 hours,2,58.48,Good,45,2025,9,September,16,Tuesday,False,2025-09
R0219,U010,User_010,28,Female,Quetta,175.4,45.0,Walking,54,236,9854,156,64,6.0,2.8,2155,6,Advanced,2026-08-01,26-35,14.62693514351949,Underweight,Less than 6 hours,3,45.01,Moderate,15,2026,8,August,1,Saturday,True,2026-08
R0211,U037,User_037,35,Male,Peshawar,177.6,84.4,HIIT,57,668,10714,130,80,6.6,3.1,2556,5,Advanced,2026-08-11,26-35,26.758177096014936,Overweight,6-8 hours,3,55.93,Good,8,2026,8,August,11,Tuesday,False,2026-08
R0125,U086,User_086,43,Male,Multan,168.5,95.0,Running,46,435,7557,117,71,7.8,2.0,2496,3,Beginner,2026-04-16,36-45,33.45983499018217,Obese,6-8 hours,1,37.0,Moderate,75,2026,4,April,16,Thursday,False,2026-04
R0181,U004,User_004,18,Female,Sialkot,193.5,66.2,HIIT,42,401,10175,107,70,7.9,2.3,2593,3,Beginner,2025-12-11,18-25,17.680561397886077,Underweight,6-8 hours,1,40.19,Moderate,40,2025,12,December,11,Thursday,False,2025-12
R0463,U083,User_083,21,Male,Gujranwala,173.0,76.8,Weight Training,54,379,9545,127,74,5.7,2.8,2254,3,Intermediate,2025-10-21,18-25,25.6607303952688,Overweight,Less than 6 hours,2,37.57,Moderate,32,2025,10,October,21,Tuesday,False,2025-10
R0350,U043,User_043,47,Male,Lahore,164.6,76.9,Running,51,584,8435,146,73,7.1,4.2,2566,3,Beginner,2026-05-01,46-55,28.383547729390006,Overweight,6-8 hours,1,42.38,Moderate,97,2026,5,May,1,Friday,False,2026-05
R0337,U008,User_008,28,Female,Quetta,173.3,53.4,Cardio,44,379,8372,119,69,8.6,2.4,2345,3,Beginner,2025-12-27,26-35,17.780506637889324,Underweight,More than 8 hours,1,37.96,Moderate,67,2025,12,December,27,Saturday,True,2025-12
R0235,U015,User_015,35,Male,Gujranwala,165.0,68.9,Swimming,67,587,8475,136,77,7.3,3.1,2573,3,Intermediate,2026-06-14,26-35,25.30762167125804,Overweight,6-8 hours,2,46.59,Moderate,27,2026,6,June,14,Sunday,True,2026-06
R0319,U033,User_033,37,Male,Gujranwala,170.2,80.2,Running,53,536,10409,128,70,5.9,3.1,2521,3,Beginner,2026-06-13,36-45,27.68568394686006,Overweight,Less than 6 hours,1,43.25,Moderate,62,2026,6,June,13,Saturday,True,2026-06
R0381,U051,User_051,23,Female,Sialkot,169.6,89.4,Weight Training,61,397,10143,127,74,7.6,3.8,3050,2,Beginner,2025-09-27,18-25,31.08034442862229,Obese,6-8 hours,1,40.62,Moderate,45,2025,9,September,27,Saturday,True,2025-09
R0071,U012,User_012,38,Female,Rawalpindi,168.3,80.8,Cycling,55,426,6748,128,74,6.7,3.7,2496,3,Beginner,2026-01-22,36-45,28.52614785088309,Overweight,6-8 hours,1,35.53,Moderate,93,2026,1,January,22,Thursday,False,2026-01
R0399,U054,User_054,28,Female,Faisalabad,175.1,81.4,Running,52,563,8335,115,68,7.2,3.2,1985,3,Intermediate,2025-11-01,26-35,26.549241177677377,Overweight,6-8 hours,2,42.07,Moderate,12,2025,11,November,1,Saturday,True,2025-11
R0149,U098,User_098,38,Male,Islamabad,169.1,86.4,Walking,53,294,11405,151,68,6.5,2.9,2382,4,Beginner,2025-08-16,36-45,30.21527333106953,Obese,6-8 hours,1,43.28,Moderate,38,2025,8,August,16,Saturday,True,2025-08
R0085,U094,User_094,26,Female,Peshawar,170.2,60.4,Cycling,58,607,8792,128,69,8.2,2.8,2357,2,Beginner,2026-05-17,26-35,20.85056496746069,Normal Weight,More than 8 hours,1,43.77,Moderate,11,2026,5,May,17,Sunday,True,2026-05
R0064,U042,User_042,21,Male,Karachi,166.9,67.3,Weight Training,70,475,8757,132,70,7.4,3.8,2621,5,Intermediate,2025-10-25,18-25,24.160303795178063,Normal Weight,6-8 hours,2,51.8,Good,66,2025,10,October,25,Saturday,True,2025-10
R0362,U046,User_046,24,Female,Sialkot,152.2,80.9,Walking,38,176,10283,119,64,7.6,2.2,2050,4,Intermediate,2026-05-18,18-25,34.92361699886553,Obese,6-8 hours,2,36.58,Moderate,88,2026,5,May,18,Monday,False,2026-05
R0090,U026,User_026,29,Female,Islamabad,174.0,63.6,Cardio,70,521,6257,131,65,6.5,3.2,2654,3,Intermediate,2025-10-26,26-35,21.00673801030519,Normal Weight,6-8 hours,2,40.19,Moderate,46,2025,10,October,26,Sunday,True,2025-10
R0246,U078,User_078,37,Male,Quetta,178.3,69.6,Cardio,61,523,10480,136,69,7.4,3.5,2128,3,Beginner,2026-08-15,36-45,21.89306433383903,Normal Weight,6-8 hours,1,47.43,Moderate,30,2026,8,August,15,Saturday,True,2026-08
R0178,U084,User_084,41,Male,Karachi,176.0,59.6,Running,63,752,8610,126,77,8.7,3.0,2334,3,Intermediate,2026-02-13,36-45,19.240702479338843,Normal Weight,More than 8 hours,2,52.45,Good,60,2026,2,February,13,Friday,False,2026-02
R0034,U053,User_053,35,Female,Lahore,162.6,81.4,Walking,73,391,10238,155,59,7.2,3.6,2581,5,Intermediate,2025-12-23,26-35,30.788130759536383,Obese,6-8 hours,2,52.76,Good,25,2025,12,December,23,Tuesday,False,2025-12
R0077,U090,User_090,39,Male,Multan,157.8,66.0,Cardio,30,229,8272,134,66,7.1,3.5,2407,3,Intermediate,2025-09-18,36-45,26.505129947423455,Overweight,6-8 hours,2,28.19,Moderate,65,2025,9,September,18,Thursday,False,2025-09
R0083,U086,User_086,43,Male,Multan,168.5,95.0,Running,52,584,6602,145,67,7.8,2.3,2303,2,Beginner,2026-07-20,36-45,33.45983499018217,Obese,6-8 hours,1,37.09,Moderate,75,2026,7,July,20,Monday,False,2026-07
R0001,U064,User_064,20,Male,Faisalabad,176.7,63.5,Cardio,69,630,10903,153,62,6.9,3.8,2580,6,Professional,2026-03-24,18-25,20.33764331232631,Normal Weight,6-8 hours,4,61.95,Good,64,2026,3,March,24,Tuesday,False,2026-03
R0012,U098,User_098,38,Male,Islamabad,169.1,86.4,HIIT,38,372,6415,120,72,4.9,2.6,2223,3,Beginner,2025-08-29,36-45,30.21527333106953,Obese,Less than 6 hours,1,26.56,Moderate,38,2025,8,August,29,Friday,False,2025-08
R0248,U009,User_009,25,Female,Faisalabad,167.0,104.0,Running,30,335,6744,132,70,6.8,2.1,2804,6,Advanced,2025-12-07,18-25,37.29068808490803,Obese,6-8 hours,3,37.56,Moderate,68,2025,12,December,7,Sunday,True,2025-12
R0023,U004,User_004,18,Female,Sialkot,193.5,66.2,HIIT,63,671,6881,150,75,7.5,3.3,2561,2,Beginner,2026-07-30,18-25,17.680561397886077,Underweight,6-8 hours,1,41.86,Moderate,40,2026,7,July,30,Thursday,False,2026-07
R0254,U040,User_040,37,Male,Multan,175.8,72.3,Weight Training,50,339,11783,137,73,8.0,2.5,2598,4,Beginner,2026-01-30,36-45,23.393788318248706,Normal Weight,6-8 hours,1,46.94,Moderate,49,2026,1,January,30,Friday,False,2026-01
R0427,U059,User_059,24,Male,Faisalabad,188.3,86.6,Running,30,241,9129,100,80,5.8,2.4,2242,2,Beginner,2025-08-20,18-25,24.42402590864568,Normal Weight,Less than 6 hours,1,24.55,Low,85,2025,8,August,20,Wednesday,False,2025-08
R0226,U040,User_040,37,Male,Multan,175.8,72.3,Cardio,55,476,6857,170,72,7.0,3.3,2321,4,Advanced,2026-08-04,36-45,23.393788318248706,Normal Weight,6-8 hours,3,40.83,Moderate,49,2026,8,August,4,Tuesday,False,2026-08
R0519,U035,User_035,18,Female,Karachi,174.1,68.7,Walking,38,232,10462,130,65,6.2,2.2,2276,5,Advanced,2025-11-16,18-25,22.665181168038735,Normal Weight,6-8 hours,3,39.31,Moderate,1,2025,11,November,16,Sunday,True,2025-11
R0159,U070,User_070,43,Female,Lahore,166.0,75.5,Walking,28,140,3884,116,79,6.5,2.5,1944,3,Beginner,2025-11-20,36-45,27.398751633038177,Overweight,6-8 hours,1,16.38,Low,98,2025,11,November,20,Thursday,False,2025-11
R0453,U061,User_061,25,Male,Islamabad,150.8,59.6,Cycling,75,601,11249,153,60,8.1,3.3,2348,6,Professional,2025-12-28,18-25,26.208585158553145,Overweight,More than 8 hours,4,65.26,Good,22,2025,12,December,28,Sunday,True,2025-12
R0019,U051,User_051,23,Female,Sialkot,169.6,89.4,Swimming,46,421,10001,118,69,8.8,2.3,2623,3,Intermediate,2025-09-30,18-25,31.08034442862229,Obese,More than 8 hours,2,42.83,Moderate,45,2025,9,September,30,Tuesday,False,2025-09
R0183,U006,User_006,38,Male,Quetta,161.3,81.9,Weight Training,32,233,7654,113,77,8.1,3.0,2381,3,Beginner,2026-04-10,36-45,31.47858245678228,Obese,More than 8 hours,1,29.3,Moderate,76,2026,4,April,10,Friday,False,2026-04
R0336,U029,User_029,32,Female,Islamabad,156.6,71.7,HIIT,28,313,5427,126,71,5.9,2.3,2738,3,Beginner,2026-07-10,26-35,29.237190685202318,Overweight,Less than 6 hours,1,22.6,Low,55,2026,7,July,10,Friday,False,2026-07
R0016,U088,User_088,25,Female,Karachi,159.8,78.0,Yoga,41,141,13039,125,68,6.4,2.5,2134,3,Intermediate,2026-01-09,18-25,30.54506493567522,Obese,6-8 hours,2,36.11,Moderate,77,2026,1,January,9,Friday,False,2026-01
R0387,U011,User_011,44,Male,Gujranwala,173.3,69.7,Running,68,675,8307,138,66,7.7,2.5,2293,4,Beginner,2026-01-14,36-45,23.207889750203858,Normal Weight,6-8 hours,1,52.75,Good,31,2026,1,January,14,Wednesday,False,2026-01
R0040,U055,User_055,18,Female,Peshawar,162.4,71.8,Walking,41,206,10202,121,72,6.1,3.1,2417,3,Beginner,2025-09-02,18-25,27.224028731587758,Overweight,6-8 hours,1,32.04,Moderate,43,2025,9,September,2,Tuesday,False,2025-09
R0486,U001,User_001,35,Male,Multan,169.1,75.0,Running,21,215,6870,111,68,6.1,2.5,2376,2,Beginner,2025-12-30,26-35,26.22853587766452,Overweight,6-8 hours,1,18.15,Low,42,2025,12,December,30,Tuesday,False,2025-12
R0047,U004,User_004,18,Female,Sialkot,193.5,66.2,Yoga,62,219,11980,134,67,7.1,3.6,2479,6,Advanced,2025-10-15,18-25,17.680561397886077,Underweight,6-8 hours,3,52.21,Good,40,2025,10,October,15,Wednesday,False,2025-10
R0094,U099,User_099,37,Male,Peshawar,160.2,104.3,Swimming,49,400,11208,123,75,6.2,3.1,2785,4,Intermediate,2026-08-15,36-45,40.64052269245217,Obese,6-8 hours,2,44.18,Moderate,44,2026,8,August,15,Saturday,True,2026-08
R0168,U055,User_055,18,Female,Peshawar,162.4,71.8,Running,64,726,6903,137,74,8.1,4.1,2064,4,Advanced,2025-12-01,18-25,27.224028731587758,Overweight,More than 8 hours,3,51.21,Good,43,2025,12,December,1,Monday,False,2025-12
R0210,U038,User_038,61,Male,Quetta,174.9,84.2,HIIT,37,389,10840,144,76,5.7,2.7,2180,4,Beginner,2026-05-15,56+,27.525326078677317,Overweight,Less than 6 hours,1,39.59,Moderate,80,2026,5,May,15,Friday,False,2026-05
R0371,U043,User_043,47,Male,Lahore,164.6,76.9,Swimming,54,534,7421,130,69,7.0,3.0,2562,1,Beginner,2026-04-30,46-55,28.383547729390006,Overweight,6-8 hours,1,33.11,Moderate,97,2026,4,April,30,Thursday,False,2026-04
R0378,U092,User_092,55,Female,Sialkot,156.1,72.2,Walking,35,204,9794,129,63,7.5,2.8,2068,5,Intermediate,2025-12-04,46-55,29.629982258945528,Overweight,6-8 hours,2,38.86,Moderate,87,2025,12,December,4,Thursday,False,2025-12
R0290,U025,User_025,18,Male,Rawalpindi,172.2,59.6,Running,68,735,9842,144,72,6.9,2.7,2163,3,Beginner,2026-01-12,18-25,20.099255248401164,Normal Weight,6-8 hours,1,52.42,Good,24,2026,1,January,12,Monday,False,2026-01
R0469,U045,User_045,43,Male,Gujranwala,189.8,73.5,Weight Training,79,532,11225,134,68,6.6,3.9,2427,3,Beginner,2025-11-30,36-45,20.403041968640938,Normal Weight,6-8 hours,1,51.87,Good,21,2025,11,November,30,Sunday,True,2025-11
R0413,U035,User_035,18,Female,Karachi,174.1,68.7,Weight Training,61,450,11804,135,62,7.3,3.5,2226,5,Intermediate,2025-12-22,18-25,22.665181168038735,Normal Weight,6-8 hours,2,54.51,Good,1,2025,12,December,22,Monday,False,2025-12
R0303,U051,User_051,23,Female,Sialkot,169.6,89.4,Walking,53,266,8894,141,67,7.6,3.2,2715,5,Advanced,2026-02-28,18-25,31.08034442862229,Obese,6-8 hours,3,43.13,Moderate,45,2026,2,February,28,Saturday,True,2026-02
R0432,U071,User_071,20,Female,Faisalabad,164.7,50.3,Weight Training,58,296,10802,142,73,6.7,3.0,2394,2,Beginner,2025-10-08,18-25,18.543033662426105,Normal Weight,6-8 hours,1,37.05,Moderate,58,2025,10,October,8,Wednesday,False,2025-10
R0154,U033,User_033,37,Male,Gujranwala,173.6,73.0,Yoga,54,192,8727,124,76,7.5,2.7,2615,2,Beginner,2025-08-19,36-45,24.222748412580433,Normal Weight,6-8 hours,1,31.01,Moderate,62,2025,8,August,19,Tuesday,False,2025-08
R0221,U023,User_023,34,Male,Lahore,169.5,84.2,Cardio,46,395,6817,120,76,7.6,2.0,2711,1,Beginner,2025-09-28,26-35,29.307089217810496,Overweight,6-8 hours,1,27.62,Moderate,73,2025,9,September,28,Sunday,True,2025-09
R0070,U005,User_005,32,Male,Gujranwala,174.6,73.7,Cardio,49,412,8739,129,69,7.0,2.2,2432,4,Intermediate,2025-12-04,26-35,24.175697290091314,Normal Weight,6-8 hours,2,41.28,Moderate,59,2025,12,December,4,Thursday,False,2025-12
R0363,U012,User_012,38,Female,Rawalpindi,168.3,80.8,Running,47,570,10533,145,78,5.9,2.6,2348,2,Beginner,2026-01-27,36-45,28.52614785088309,Overweight,Less than 6 hours,1,39.61,Moderate,93,2026,1,January,27,Tuesday,False,2026-01
R0484,U063,User_063,43,Female,Peshawar,163.0,78.2,Running,51,502,10611,132,69,7.6,3.5,2809,3,Intermediate,2026-07-05,36-45,29.43279762128797,Overweight,6-8 hours,2,45.15,Moderate,54,2026,7,July,5,Sunday,True,2026-07
R0174,U024,User_024,31,Male,Faisalabad,158.7,81.4,Running,50,437,10585,137,73,6.6,3.5,2675,3,Beginner,2026-07-20,26-35,32.319940410606186,Obese,6-8 hours,1,41.54,Moderate,81,2026,7,July,20,Monday,False,2026-07
R0353,U020,User_020,18,Male,Multan,172.5,61.6,Running,47,584,7614,125,66,5.9,4.1,2558,4,Intermediate,2025-11-22,18-25,20.70153329132535,Normal Weight,Less than 6 hours,2,41.26,Moderate,5,2025,11,November,22,Saturday,True,2025-11
R0232,U017,User_017,26,Male,Faisalabad,170.9,63.2,Running,79,791,10622,160,73,7.2,4.1,2409,4,Intermediate,2025-09-23,26-35,21.638789035844724,Normal Weight,6-8 hours,2,61.68,Good,13,2025,9,September,23,Tuesday,False,2025-09
R0212,U011,User_011,44,Male,Gujranwala,173.3,69.7,Weight Training,52,392,7589,135,69,6.9,2.9,2292,6,Advanced,2026-01-26,36-45,23.207889750203858,Normal Weight,6-8 hours,3,45.85,Moderate,31,2026,1,January,26,Monday,False,2026-01
R0193,U051,User_051,23,Female,Sialkot,169.6,89.4,Weight Training,60,499,6821,131,77,7.8,2.8,2718,3,Beginner,2026-04-23,18-25,31.08034442862229,Obese,6-8 hours,1,40.53,Moderate,45,2026,4,April,23,Thursday,False,2026-04
R0447,U084,User_084,41,Male,Karachi,176.0,59.6,Running,47,449,8905,128,68,7.2,2.8,2484,5,Intermediate,2025-12-06,36-45,19.240702479338843,Normal Weight,6-8 hours,2,45.73,Moderate,60,2025,12,December,6,Saturday,True,2025-12
R0325,U074,User_074,37,Female,Islamabad,172.6,68.8,HIIT,40,420,7790,137,67,6.5,2.5,2732,4,Beginner,2026-04-28,36-45,23.094409138941067,Normal Weight,6-8 hours,1,36.8,Moderate,37,2026,4,April,28,Tuesday,False,2026-04
R0223,U044,User_044,42,Female,Faisalabad,169.7,70.0,Weight Training,69,427,9228,130,66,5.8,3.4,2498,5,Advanced,2025-08-19,36-45,24.307167593406373,Normal Weight,Less than 6 hours,3,48.53,Moderate,50,2025,8,August,19,Tuesday,False,2025-08
R0155,U053,User_053,35,Female,Lahore,162.6,81.4,Weight Training,62,405,9245,126,85,7.6,2.8,2535,3,Beginner,2025-10-05,26-35,30.788130759536383,Obese,6-8 hours,1,42.73,Moderate,25,2025,10,October,5,Sunday,True,2025-10
R0423,U034,User_034,33,Female,Quetta,195.0,69.0,Weight Training,54,434,8055,140,79,5.7,2.8,2414,2,Beginner,2026-05-25,26-35,18.14595660749507,Underweight,Less than 6 hours,1,32.89,Moderate,56,2026,5,May,25,Monday,False,2026-05
R0177,U066,User_066,48,Male,Faisalabad,168.0,75.7,Yoga,56,209,8627,143,71,6.4,2.6,3023,3,Intermediate,2025-08-05,46-55,26.82114512471656,Overweight,6-8 hours,2,33.21,Moderate,78,2025,8,August,5,Tuesday,False,2025-08
R0361,U090,User_090,39,Male,Multan,157.8,66.0,Cycling,72,601,6465,147,75,6.0,4.1,2326,2,Beginner,2026-05-20,36-45,26.505129947423455,Overweight,Less than 6 hours,1,38.89,Moderate,65,2026,5,May,20,Wednesday,False,2026-05
R0416,U090,User_090,39,Male,Multan,157.8,66.0,Cardio,54,514,8820,129,74,7.8,3.2,2464,3,Beginner,2025-12-12,36-45,26.505129947423455,Overweight,6-8 hours,1,43.19,Moderate,65,2025,12,December,12,Friday,False,2025-12
R0205,U047,User_047,49,Male,Multan,175.2,59.7,Running,62,751,9634,138,68,8.7,4.0,2244,4,Advanced,2026-06-03,46-55,19.449396384562462,Normal Weight,More than 8 hours,3,57.41,Good,39,2026,6,June,3,Wednesday,False,2026-06
R0341,U068,User_068,36,Female,Gujranwala,176.8,64.4,Swimming,34,325,9724,128,68,6.6,3.3,2073,6,Professional,2025-11-01,36-45,20.602567514997645,Normal Weight,6-8 hours,4,43.39,Moderate,94,2025,11,November,1,Saturday,True,2025-11
R0279,U072,User_072,19,Male,Sialkot,163.1,50.9,Cycling,46,444,9897,137,67,7.9,2.8,2204,4,Intermediate,2026-08-09,18-25,19.134180224430025,Normal Weight,6-8 hours,2,45.04,Moderate,57,2026,8,August,9,Sunday,True,2026-08
R0456,U001,User_001,35,Male,Multan,169.1,75.0,HIIT,24,301,6757,118,66,7.1,2.5,2244,3,Beginner,2026-05-02,26-35,26.22853587766452,Overweight,6-8 hours,1,25.83,Moderate,42,2026,5,May,2,Saturday,True,2026-05
R0365,U013,User_013,28,Female,Gujranwala,161.4,76.2,Weight Training,48,339,5298,107,70,6.7,3.1,1889,1,Beginner,2026-03-10,26-35,29.251484455254438,Overweight,6-8 hours,1,22.35,Low,95,2026,3,March,10,Tuesday,False,2026-03
R0087,U048,User_048,19,Male,Lahore,154.5,103.4,Cycling,55,477,9812,129,62,5.1,3.0,2468,5,Intermediate,2025-10-05,18-25,43.31751866863565,Obese,Less than 6 hours,2,46.44,Moderate,19,2025,10,October,5,Sunday,True,2025-10
R0518,U034,User_034,33,Female,Quetta,195.0,69.0,Yoga,68,264,14127,143,70,6.2,3.1,2346,2,Beginner,2026-06-23,26-35,18.14595660749507,Underweight,6-8 hours,1,43.85,Moderate,56,2026,6,June,23,Tuesday,False,2026-06
R0196,U005,User_005,32,Male,Gujranwala,174.6,73.7,Weight Training,54,401,7955,156,80,8.2,2.7,2294,3,Beginner,2025-11-21,26-35,24.175697290091314,Normal Weight,More than 8 hours,1,39.4,Moderate,59,2025,11,November,21,Friday,False,2025-11
R0407,U009,User_009,25,Female,Faisalabad,167.0,104.0,Running,45,391,9580,129,69,7.6,2.8,2133,3,Beginner,2026-04-30,18-25,37.29068808490803,Obese,6-8 hours,1,39.04,Moderate,68,2026,4,April,30,Thursday,False,2026-04
R0020,U081,User_081,55,Female,Peshawar,180.4,71.7,HIIT,45,515,9025,137,67,8.1,2.8,2506,4,Beginner,2025-12-03,46-55,22.031602597824005,Normal Weight,More than 8 hours,1,45.34,Moderate,14,2025,12,December,3,Wednesday,False,2025-12
R0349,U026,User_026,29,Female,Islamabad,174.0,63.6,Weight Training,63,409,8313,138,74,8.4,4.0,2436,3,Beginner,2025-10-25,26-35,21.00673801030519,Normal Weight,More than 8 hours,1,42.69,Moderate,46,2025,10,October,25,Saturday,True,2025-10
R0057,U061,User_061,25,Male,Islamabad,150.8,59.6,Running,56,614,7250,148,66,6.0,3.2,2499,5,Advanced,2026-06-29,18-25,26.208585158553145,Overweight,Less than 6 hours,3,46.95,Moderate,22,2026,6,June,29,Monday,False,2026-06
R0372,U076,User_076,38,Female,Lahore,177.3,94.1,Weight Training,82,557,12683,147,76,6.7,3.9,2650,3,Intermediate,2025-12-13,36-45,29.93450990908625,Overweight,6-8 hours,2,56.06,Good,7,2025,12,December,13,Saturday,True,2025-12
R0348,U036,User_036,34,Female,Faisalabad,179.2,88.5,Walking,20,104,8043,118,54,8.4,2.4,2234,5,Advanced,2025-10-08,26-35,27.559241470025515,Overweight,More than 8 hours,3,31.12,Moderate,89,2025,10,October,8,Wednesday,False,2025-10
R0479,U066,User_066,48,Male,Faisalabad,168.0,75.7,Weight Training,69,477,13938,148,68,7.0,2.4,2543,5,Advanced,2025-10-11,46-55,26.82114512471656,Overweight,6-8 hours,3,60.48,Good,78,2025,10,October,11,Saturday,True,2025-10
R0249,U034,User_034,33,Female,Quetta,195.0,69.0,Cardio,73,741,11885,142,75,7.0,3.2,2302,3,Beginner,2025-08-08,26-35,18.14595660749507,Underweight,6-8 hours,1,57.67,Good,56,2025,8,August,8,Friday,False,2025-08
R0026,U017,User_017,26,Male,Faisalabad,170.9,63.2,Walking,53,225,9781,134,75,6.9,3.2,2357,2,Beginner,2026-03-09,26-35,21.638789035844724,Normal Weight,6-8 hours,1,32.55,Moderate,13,2026,3,March,9,Monday,False,2026-03
R0452,U063,User_063,43,Female,Peshawar,163.0,78.2,HIIT,66,775,8962,118,66,9.3,2.6,2887,6,Professional,2026-05-27,36-45,29.43279762128797,Overweight,More than 8 hours,4,65.39,Good,54,2026,5,May,27,Wednesday,False,2026-05
R0043,U075,User_075,37,Female,Rawalpindi,157.7,76.7,Walking,48,258,8103,123,69,7.8,3.2,2293,3,Beginner,2026-05-30,36-45,30.84125039355768,Obese,6-8 hours,1,33.98,Moderate,9,2026,5,May,30,Saturday,True,2026-05
R0474,U019,User_019,30,Male,Rawalpindi,170.6,77.4,Walking,62,280,11158,138,69,6.7,2.7,2621,4,Intermediate,2025-09-27,26-35,26.593953620694634,Overweight,6-8 hours,2,44.9,Moderate,20,2025,9,September,27,Saturday,True,2025-09
R0262,U014,User_014,40,Male,Quetta,155.4,62.7,Swimming,48,514,10159,121,68,8.7,2.7,2225,4,Intermediate,2026-04-25,36-45,25.963636002246037,Overweight,More than 8 hours,2,49.11,Moderate,36,2026,4,April,25,Saturday,True,2026-04
R0173,U036,User_036,34,Female,Faisalabad,179.2,88.5,Walking,15,80,9676,108,67,7.5,2.3,2756,2,Beginner,2026-06-03,26-35,27.559241470025515,Overweight,6-8 hours,1,20.84,Low,89,2026,6,June,3,Wednesday,False,2026-06
R0291,U017,User_017,26,Male,Faisalabad,170.9,63.2,Walking,30,144,9111,119,62,5.6,2.5,2275,6,Advanced,2025-08-13,26-35,21.638789035844724,Normal Weight,Less than 6 hours,3,35.06,Moderate,13,2025,8,August,13,Wednesday,False,2025-08
R0127,U044,User_044,42,Female,Faisalabad,169.7,70.0,Cardio,38,405,11052,98,70,7.5,2.5,2515,2,Beginner,2025-10-13,36-45,24.307167593406373,Normal Weight,6-8 hours,1,36.98,Moderate,50,2025,10,October,13,Monday,False,2025-10
R0343,U045,User_045,43,Male,Gujranwala,189.8,73.5,Yoga,41,145,7945,115,66,8.2,2.5,2659,4,Intermediate,2026-04-11,36-45,20.403041968640938,Normal Weight,More than 8 hours,2,33.2,Moderate,21,2026,4,April,11,Saturday,True,2026-04
R0032,U034,User_034,33,Female,Quetta,195.0,69.0,Weight Training,64,498,9153,137,70,6.7,3.5,2539,3,Intermediate,2025-08-12,26-35,18.14595660749507,Underweight,6-8 hours,2,43.87,Moderate,56,2025,8,August,12,Tuesday,False,2025-08
R0114,U018,User_018,30,Male,Sialkot,157.8,84.7,Yoga,71,270,11447,155,62,6.9,3.1,1894,6,Intermediate,2026-07-02,26-35,34.0149167658601,Obese,6-8 hours,2,54.28,Good,3,2026,7,July,2,Thursday,False,2026-07
R0230,U063,User_063,43,Female,Peshawar,163.0,78.2,Cycling,53,552,8612,122,79,7.1,3.6,2529,2,Beginner,2026-03-10,36-45,29.43279762128797,Overweight,6-8 hours,1,39.03,Moderate,54,2026,3,March,10,Tuesday,False,2026-03
R0228,U084,User_084,41,Male,Karachi,176.0,59.6,Walking,46,206,8988,137,69,6.0,3.4,2145,3,Intermediate,2025-10-20,36-45,19.240702479338843,Normal Weight,Less than 6 hours,2,30.8,Moderate,60,2025,10,October,20,Monday,False,2025-10
R0430,U024,User_024,31,Male,Faisalabad,158.7,81.4,Yoga,54,177,9533,143,82,7.0,2.8,2639,2,Beginner,2025-10-31,26-35,32.319940410606186,Obese,6-8 hours,1,31.27,Moderate,81,2025,10,October,31,Friday,False,2025-10
R0058,U051,User_051,23,Female,Sialkot,169.6,89.4,Cycling,72,657,11653,135,67,7.1,4.0,2292,5,Professional,2025-10-31,18-25,31.08034442862229,Obese,6-8 hours,4,61.71,Good,45,2025,10,October,31,Friday,False,2025-10
R0382,U029,User_029,32,Female,Islamabad,156.6,71.7,Yoga,50,159,11936,138,74,8.1,2.8,2499,3,Beginner,2025-12-18,26-35,29.237190685202318,Overweight,More than 8 hours,1,39.49,Moderate,55,2025,12,December,18,Thursday,False,2025-12
R0025,U056,User_056,35,Female,Multan,170.9,58.5,HIIT,41,514,7248,137,71,7.5,3.2,2310,5,Advanced,2026-04-06,26-35,20.029575294255004,Normal Weight,6-8 hours,3,43.44,Moderate,91,2026,4,April,6,Monday,False,2026-04
R0018,U030,User_030,38,Male,Faisalabad,160.6,73.8,Weight Training,56,423,8306,126,72,6.8,2.2,2937,2,Intermediate,2026-07-06,36-45,28.613124196467485,Overweight,6-8 hours,2,35.39,Moderate,52,2026,7,July,6,Monday,False,2026-07
R0266,U085,User_085,23,Male,Multan,160.7,79.8,Yoga,54,170,6161,129,82,8.1,2.8,2578,1,Beginner,2026-04-10,18-25,30.900900656702223,Obese,More than 8 hours,1,23.4,Low,92,2026,4,April,10,Friday,False,2026-04
R0067,U021,User_021,37,Female,Lahore,161.0,85.5,HIIT,32,339,8790,121,68,4.4,1.9,2519,5,Advanced,2026-06-20,36-45,32.98483854789553,Obese,Less than 6 hours,3,34.53,Moderate,34,2026,6,June,20,Saturday,True,2026-06
R0315,U057,User_057,22,Male,Lahore,169.4,73.1,Walking,50,255,7393,117,66,6.8,3.0,2377,7,Intermediate,2026-08-13,18-25,25.473614075095238,Overweight,6-8 hours,2,44.71,Moderate,4,2026,8,August,13,Thursday,False,2026-08
R0468,U049,User_049,40,Male,Lahore,164.8,56.9,HIIT,41,403,7378,112,73,7.5,3.2,2176,2,Beginner,2026-06-19,36-45,20.950666886605706,Normal Weight,6-8 hours,1,30.86,Moderate,53,2026,6,June,19,Friday,False,2026-06
R0095,U052,User_052,28,Female,Islamabad,159.3,83.9,Swimming,56,538,7445,145,77,8.7,3.3,2242,3,Beginner,2026-07-01,26-35,33.062098028529554,Obese,More than 8 hours,1,43.25,Moderate,33,2026,7,July,1,Wednesday,False,2026-07
R0457,U096,User_096,25,Male,Faisalabad,156.1,79.5,Weight Training,68,470,9053,157,77,6.4,4.1,2463,3,Beginner,2026-02-24,18-25,32.62581149011315,Obese,6-8 hours,1,43.41,Moderate,69,2026,2,February,24,Tuesday,False,2026-02
R0355,U074,User_074,37,Female,Islamabad,172.6,68.8,Weight Training,58,399,9057,130,68,7.1,3.3,2910,4,Advanced,2026-05-07,36-45,23.094409138941067,Normal Weight,6-8 hours,3,43.8,Moderate,37,2026,5,May,7,Thursday,False,2026-05
R0024,U010,User_010,28,Female,Quetta,175.4,45.0,Swimming,26,285,9248,112,69,9.1,1.7,2125,3,Intermediate,2026-03-31,26-35,14.62693514351949,Underweight,More than 8 hours,2,33.84,Moderate,15,2026,3,March,31,Tuesday,False,2026-03
R0250,U076,User_076,38,Female,Lahore,177.3,94.1,Walking,37,176,13716,126,69,7.7,1.7,2614,4,Beginner,2025-09-20,36-45,29.93450990908625,Overweight,6-8 hours,1,42.84,Moderate,7,2025,9,September,20,Saturday,True,2025-09
R0273,U004,User_004,18,Female,Sialkot,193.5,66.2,HIIT,45,468,9619,124,77,8.6,3.3,2226,5,Beginner,2026-04-30,18-25,17.680561397886077,Underweight,More than 8 hours,1,49.41,Moderate,40,2026,4,April,30,Thursday,False,2026-04
R0502,U007,User_007,50,Male,Multan,159.4,95.8,Cardio,50,391,4608,142,77,8.0,2.5,2329,3,Beginner,2026-07-07,46-55,37.704125728697164,Obese,6-8 hours,1,31.72,Moderate,18,2026,7,July,7,Tuesday,False,2026-07
R0117,U015,User_015,35,Male,Gujranwala,165.0,68.9,Yoga,43,173,9846,129,65,6.7,2.5,2091,3,Intermediate,2025-10-16,26-35,25.30762167125804,Overweight,6-8 hours,2,32.02,Moderate,27,2025,10,October,16,Thursday,False,2025-10
R0046,U004,User_004,18,Female,Sialkot,193.5,66.2,Yoga,36,121,10227,120,71,6.4,3.2,2127,2,Beginner,2026-02-09,18-25,17.680561397886077,Underweight,6-8 hours,1,25.93,Moderate,40,2026,2,February,9,Monday,False,2026-02
R0500,U032,User_032,36,Male,Karachi,173.6,63.1,Cycling,67,581,10682,122,61,8.2,4.4,2097,6,Professional,2025-08-17,36-45,20.93774554566884,Normal Weight,More than 8 hours,4,62.01,Good,26,2025,8,August,17,Sunday,True,2025-08
R0395,U087,User_087,47,Female,Islamabad,145.0,70.4,Cardio,47,389,6914,132,70,6.9,2.8,2562,2,Beginner,2026-06-30,46-55,33.48394768133175,Obese,6-8 hours,1,30.04,Moderate,70,2026,6,June,30,Tuesday,False,2026-06
R0017,U079,User_079,37,Male,Karachi,155.3,71.7,Cardio,53,511,8437,126,71,6.5,3.1,2423,2,Beginner,2026-07-23,36-45,29.72872229931972,Overweight,6-8 hours,1,36.66,Moderate,16,2026,7,July,23,Thursday,False,2026-07
R0490,U003,User_003,35,Female,Peshawar,166.6,73.0,Yoga,87,252,10346,158,65,6.9,4.2,2085,7,Advanced,2025-10-01,26-35,26.301036621131047,Overweight,6-8 hours,3,58.85,Good,28,2025,10,October,1,Wednesday,False,2025-10
R0376,U037,User_037,35,Male,Peshawar,177.6,84.4,Walking,40,211,9557,111,61,6.0,2.3,2487,5,Advanced,2026-08-08,26-35,26.758177096014936,Overweight,Less than 6 hours,3,37.24,Moderate,8,2026,8,August,8,Saturday,True,2026-08
R0004,U050,User_050,58,Male,Karachi,178.8,53.8,Cardio,53,398,7979,137,72,5.3,2.8,2297,2,Beginner,2025-08-31,56+,16.828571285577723,Underweight,Less than 6 hours,1,30.93,Moderate,71,2025,8,August,31,Sunday,True,2025-08
R0489,U055,User_055,18,Female,Peshawar,162.4,71.8,Weight Training,84,527,12646,161,65,5.7,3.7,2245,5,Intermediate,2026-07-25,18-25,27.224028731587758,Overweight,Less than 6 hours,2,60.68,Good,43,2026,7,July,25,Saturday,True,2026-07
R0449,U020,User_020,18,Male,Multan,172.5,61.6,Cycling,48,425,7209,124,76,8.6,3.5,2233,4,Intermediate,2025-09-16,18-25,20.70153329132535,Normal Weight,More than 8 hours,2,41.25,Moderate,5,2025,9,September,16,Tuesday,False,2025-09
R0061,U005,User_005,32,Male,Gujranwala,174.6,73.7,Cycling,70,658,10248,146,63,5.7,3.3,2909,5,Advanced,2025-12-14,26-35,24.175697290091314,Normal Weight,Less than 6 hours,3,56.33,Good,59,2025,12,December,14,Sunday,True,2025-12
R0111,U007,User_007,50,Male,Multan,159.4,95.8,Weight Training,65,433,11329,145,67,7.2,3.8,2596,6,Advanced,2025-11-03,46-55,37.704125728697164,Obese,6-8 hours,3,57.3,Good,18,2025,11,November,3,Monday,False,2025-11
R0335,U015,User_015,35,Male,Gujranwala,165.0,68.9,Cardio,60,497,9510,123,72,7.6,3.5,2325,3,Beginner,2026-02-23,26-35,25.30762167125804,Overweight,6-8 hours,1,45.09,Moderate,27,2026,2,February,23,Monday,False,2026-02
R0275,U042,User_042,21,Male,Karachi,166.9,67.3,Cardio,22,183,6576,112,65,8.1,2.8,2318,6,Professional,2026-05-20,18-25,24.160303795178063,Normal Weight,More than 8 hours,4,33.72,Moderate,66,2026,5,May,20,Wednesday,False,2026-05
R0030,U088,User_088,25,Female,Karachi,159.8,78.0,HIIT,49,381,7483,132,70,7.3,2.8,2126,5,Intermediate,2026-08-02,18-25,30.54506493567522,Obese,6-8 hours,2,42.02,Moderate,77,2026,8,August,2,Sunday,True,2026-08
R0366,U062,User_062,30,Male,Faisalabad,170.7,67.2,Cycling,71,628,12205,136,59,16.0,4.1,2291,5,Advanced,2026-05-01,26-35,23.062279479822056,Normal Weight,More than 8 hours,3,76.72,Excellent,47,2026,5,May,1,Friday,False,2026-05
R0186,U062,User_062,30,Male,Faisalabad,170.7,67.2,Running,29,276,10640,137,72,7.2,2.6,2185,5,Advanced,2025-12-28,26-35,23.062279479822056,Normal Weight,6-8 hours,3,40.35,Moderate,47,2025,12,December,28,Sunday,True,2025-12
R0027,U074,User_074,37,Female,Islamabad,172.6,68.8,HIIT,44,459,9746,130,68,6.6,3.0,2276,4,Intermediate,2025-08-21,36-45,23.094409138941067,Normal Weight,6-8 hours,2,42.49,Moderate,37,2025,8,August,21,Thursday,False,2025-08
R0008,U079,User_079,37,Male,Karachi,155.3,71.7,Swimming,40,444,8788,113,73,7.9,3.4,2861,3,Beginner,2026-02-18,36-45,29.72872229931972,Overweight,6-8 hours,1,38.27,Moderate,16,2026,2,February,18,Wednesday,False,2026-02
R0182,U079,User_079,37,Male,Karachi,155.3,71.7,Yoga,74,243,13478,154,72,7.2,4.3,2776,4,Beginner,2026-06-20,36-45,29.72872229931972,Overweight,6-8 hours,1,51.86,Good,16,2026,6,June,20,Saturday,True,2026-06
R0478,U047,User_047,49,Male,Multan,175.2,59.7,Walking,45,237,9927,133,71,6.1,2.5,2213,3,Beginner,2026-05-07,46-55,19.449396384562462,Normal Weight,6-8 hours,1,33.25,Moderate,39,2026,5,May,7,Thursday,False,2026-05
R0109,U059,User_059,24,Male,Faisalabad,188.3,86.6,HIIT,23,258,6992,135,71,5.2,2.4,2184,4,Intermediate,2025-11-05,18-25,24.42402590864568,Normal Weight,Less than 6 hours,2,25.08,Moderate,85,2025,11,November,5,Wednesday,False,2025-11
R0038,U075,User_075,37,Female,Rawalpindi,157.7,76.7,Yoga,57,203,10293,141,76,6.1,2.8,2158,6,Advanced,2025-08-26,36-45,30.84125039355768,Obese,6-8 hours,3,45.85,Moderate,9,2025,8,August,26,Tuesday,False,2025-08
R0158,U070,User_070,43,Female,Lahore,166.0,75.5,Walking,50,256,10817,129,70,6.9,3.0,2428,1,Beginner,2026-06-06,36-45,27.398751633038177,Overweight,6-8 hours,1,31.21,Moderate,98,2026,6,June,6,Saturday,True,2026-06
R0494,U083,User_083,21,Male,Gujranwala,173.0,76.8,Walking,32,179,9976,125,66,6.0,2.4,2777,7,Professional,2026-07-31,18-25,25.6607303952688,Overweight,Less than 6 hours,4,42.01,Moderate,32,2026,7,July,31,Friday,False,2026-07
R0119,U089,User_089,45,Female,Lahore,166.7,82.4,Cardio,52,394,7289,135,78,6.9,2.6,2508,2,Beginner,2026-08-07,36-45,29.652137958730997,Overweight,6-8 hours,1,32.02,Moderate,61,2026,8,August,7,Friday,False,2026-08
R0115,U038,User_038,61,Male,Quetta,174.9,84.2,Weight Training,61,381,7542,119,62,5.6,3.2,2343,3,Intermediate,2025-10-07,56+,27.525326078677317,Overweight,Less than 6 hours,2,35.39,Moderate,80,2025,10,October,7,Tuesday,False,2025-10
R0272,U062,User_062,30,Male,Faisalabad,170.7,67.2,Running,46,524,9275,128,72,6.4,2.8,2495,4,Intermediate,2026-06-22,26-35,23.062279479822056,Normal Weight,6-8 hours,2,43.4,Moderate,47,2026,6,June,22,Monday,False,2026-06
R0176,U006,User_006,38,Male,Quetta,161.3,81.9,Weight Training,64,476,9110,119,73,7.3,3.7,2086,3,Intermediate,2026-04-15,36-45,31.47858245678228,Obese,6-8 hours,2,44.25,Moderate,76,2026,4,April,15,Wednesday,False,2026-04
R0209,U064,User_064,20,Male,Faisalabad,176.7,63.5,Cardio,48,437,7277,135,73,7.4,2.9,2505,6,Advanced,2025-09-17,18-25,20.33764331232631,Normal Weight,6-8 hours,3,46.33,Moderate,64,2025,9,September,17,Wednesday,False,2025-09
R0204,U012,User_012,38,Female,Rawalpindi,168.3,80.8,HIIT,36,351,5477,130,67,5.4,2.4,2611,3,Beginner,2026-02-03,36-45,28.52614785088309,Overweight,Less than 6 hours,1,24.68,Low,93,2026,2,February,3,Tuesday,False,2026-02
R0145,U006,User_006,38,Male,Quetta,161.3,81.9,Walking,25,137,10006,120,77,6.9,2.0,2480,2,Beginner,2026-07-12,36-45,31.47858245678228,Obese,6-8 hours,1,24.22,Low,76,2026,7,July,12,Sunday,True,2026-07
R0195,U044,User_044,42,Female,Faisalabad,169.7,70.0,Cardio,48,401,10710,123,71,6.1,3.4,2168,3,Beginner,2026-06-14,36-45,24.307167593406373,Normal Weight,6-8 hours,1,39.55,Moderate,50,2026,6,June,14,Sunday,True,2026-06
R0389,U001,User_001,35,Male,Multan,169.1,75.0,Weight Training,51,326,9787,141,72,6.7,2.9,2652,2,Intermediate,2026-05-31,26-35,26.22853587766452,Overweight,6-8 hours,2,34.32,Moderate,42,2026,5,May,31,Sunday,True,2026-05
R0401,U040,User_040,37,Male,Multan,175.8,72.3,Swimming,64,615,10073,132,63,5.4,3.0,2653,6,Advanced,2026-07-22,36-45,23.393788318248706,Normal Weight,Less than 6 hours,3,56.35,Good,49,2026,7,July,22,Wednesday,False,2026-07
R0424,U091,User_091,43,Male,Faisalabad,183.7,75.4,Weight Training,62,370,9079,131,69,8.0,3.4,2235,4,Intermediate,2025-08-13,36-45,22.343594100461427,Normal Weight,6-8 hours,2,45.54,Moderate,35,2025,8,August,13,Wednesday,False,2025-08
R0498,U055,User_055,18,Female,Peshawar,162.4,71.8,Weight Training,45,276,6458,129,72,6.7,2.8,2274,3,Beginner,2026-04-17,18-25,27.224028731587758,Overweight,6-8 hours,1,28.86,Moderate,43,2026,4,April,17,Friday,False,2026-04
R0403,U021,User_021,37,Female,Lahore,161.0,85.5,Cardio,68,578,12218,151,66,7.5,2.7,2126,6,Advanced,2026-06-26,36-45,32.98483854789553,Obese,6-8 hours,3,63.82,Good,34,2026,6,June,26,Friday,False,2026-06
R0470,U093,User_093,31,Female,Lahore,165.0,73.5,Cardio,53,441,10846,131,64,6.7,3.1,2224,3,Intermediate,2026-04-09,26-35,26.997245179063363,Overweight,6-8 hours,2,42.99,Moderate,63,2026,4,April,9,Thursday,False,2026-04
R0142,U083,User_083,21,Male,Gujranwala,173.0,76.8,Weight Training,53,380,10379,135,68,6.4,3.2,2501,4,Beginner,2026-06-09,18-25,25.6607303952688,Overweight,6-8 hours,1,43.41,Moderate,32,2026,6,June,9,Tuesday,False,2026-06
R0385,U041,User_041,34,Male,Lahore,162.0,82.2,Yoga,59,209,9412,151,70,7.5,3.3,2125,5,Intermediate,2026-02-27,26-35,31.32144490169181,Obese,6-8 hours,2,43.87,Moderate,6,2026,2,February,27,Friday,False,2026-02
R0068,U070,User_070,43,Female,Lahore,166.0,75.5,Walking,36,183,3382,114,69,6.5,3.0,2474,5,Intermediate,2026-01-27,36-45,27.398751633038177,Overweight,6-8 hours,2,25.07,Moderate,98,2026,1,January,27,Tuesday,False,2026-01
R0504,U008,User_008,28,Female,Quetta,173.3,53.4,Swimming,55,570,9319,131,72,7.8,3.6,2524,4,Intermediate,2026-03-06,26-35,17.780506637889324,Underweight,6-8 hours,2,49.1,Moderate,67,2026,3,March,6,Friday,False,2026-03
R0169,U009,User_009,25,Female,Faisalabad,167.0,104.0,Running,72,850,9231,152,59,5.7,3.7,2886,5,Beginner,2026-03-06,18-25,37.29068808490803,Obese,Less than 6 hours,1,59.8,Good,68,2026,3,March,6,Friday,False,2026-03
R0189,U079,User_079,37,Male,Karachi,155.3,71.7,Running,61,688,11524,163,71,6.4,3.5,2607,6,Advanced,2025-12-03,36-45,29.72872229931972,Overweight,6-8 hours,3,61.86,Good,16,2025,12,December,3,Wednesday,False,2025-12
R0462,U056,User_056,35,Female,Multan,170.9,58.5,Walking,27,141,9019,118,70,8.7,2.4,2342,5,Advanced,2026-08-14,26-35,20.029575294255004,Normal Weight,More than 8 hours,3,35.99,Moderate,91,2026,8,August,14,Friday,False,2026-08
R0396,U057,User_057,22,Male,Lahore,169.4,73.1,Running,65,642,12439,147,62,8.4,3.1,2335,7,Professional,2026-02-19,18-25,25.473614075095238,Overweight,More than 8 hours,4,70.0,Good,4,2026,2,February,19,Thursday,False,2026-02
R0238,U035,User_035,18,Female,Karachi,174.1,68.7,Swimming,38,365,11828,137,66,8.1,3.7,2339,6,Advanced,2026-06-17,18-25,22.665181168038735,Normal Weight,More than 8 hours,3,51.73,Good,1,2026,6,June,17,Wednesday,False,2026-06
R0194,U045,User_045,43,Male,Gujranwala,189.8,73.5,Cardio,66,568,9691,135,71,5.8,4.1,2247,3,Intermediate,2025-12-12,36-45,20.403041968640938,Normal Weight,Less than 6 hours,2,45.59,Moderate,21,2025,12,December,12,Friday,False,2025-12
R0082,U047,User_047,49,Male,Multan,175.2,59.7,Cardio,49,403,6883,140,64,7.1,3.5,2231,4,Intermediate,2026-07-09,46-55,19.449396384562462,Normal Weight,6-8 hours,2,37.8,Moderate,39,2026,7,July,9,Thursday,False,2026-07
R0110,U056,User_056,35,Female,Multan,170.9,58.5,Yoga,47,169,11683,142,62,8.1,2.7,2160,7,Professional,2026-08-10,26-35,20.029575294255004,Normal Weight,More than 8 hours,4,51.91,Good,91,2026,8,August,10,Monday,False,2026-08
R0461,U051,User_051,23,Female,Sialkot,169.6,89.4,Weight Training,48,389,9321,129,66,8.0,3.1,2288,4,Advanced,2026-01-17,18-25,31.08034442862229,Obese,6-8 hours,3,43.21,Moderate,45,2026,1,January,17,Saturday,True,2026-01
R0146,U052,User_052,28,Female,Islamabad,159.3,83.9,Cardio,26,222,7919,107,80,6.7,3.0,2492,2,Beginner,2026-04-02,26-35,33.062098028529554,Obese,6-8 hours,1,22.43,Low,33,2026,4,April,2,Thursday,False,2026-04
R0093,U008,User_008,28,Female,Quetta,173.3,53.4,Walking,38,199,8499,123,73,7.4,3.4,2410,2,Beginner,2026-07-20,26-35,17.780506637889324,Underweight,6-8 hours,1,26.88,Moderate,67,2026,7,July,20,Monday,False,2026-07
R0153,U070,User_070,43,Female,Lahore,166.0,75.5,Yoga,52,184,7280,112,71,5.9,2.6,2469,3,Intermediate,2026-06-20,36-45,27.398751633038177,Overweight,Less than 6 hours,2,28.32,Moderate,98,2026,6,June,20,Saturday,True,2026-06
R0245,U050,User_050,58,Male,Karachi,178.8,53.8,Running,62,508,8471,150,75,6.7,3.5,2638,2,Beginner,2025-11-27,56+,16.828571285577723,Underweight,6-8 hours,1,39.07,Moderate,71,2025,11,November,27,Thursday,False,2025-11
R0415,U025,User_025,18,Male,Rawalpindi,172.2,59.6,Swimming,40,357,7791,125,75,7.1,3.0,2560,2,Beginner,2026-03-19,18-25,20.099255248401164,Normal Weight,6-8 hours,1,29.55,Moderate,24,2026,3,March,19,Thursday,False,2026-03
R0506,U057,User_057,22,Male,Lahore,169.4,73.1,Yoga,53,165,12528,122,68,6.5,3.0,2442,2,Beginner,2026-05-31,18-25,25.473614075095238,Overweight,6-8 hours,1,35.41,Moderate,4,2026,5,May,31,Sunday,True,2026-05
R0084,U056,User_056,35,Female,Multan,170.9,58.5,Walking,50,224,8838,119,67,5.5,2.6,2341,3,Beginner,2025-10-14,26-35,20.029575294255004,Normal Weight,Less than 6 hours,1,31.07,Moderate,91,2025,10,October,14,Tuesday,False,2025-10
R0104,U078,User_078,37,Male,Quetta,178.3,69.6,Running,38,350,8102,143,65,7.7,3.0,2572,3,Intermediate,2025-11-22,36-45,21.89306433383903,Normal Weight,6-8 hours,2,33.82,Moderate,30,2025,11,November,22,Saturday,True,2025-11
R0166,U095,User_095,24,Female,Faisalabad,182.0,72.4,Running,33,379,6899,117,71,6.1,2.6,2676,2,Beginner,2026-06-20,18-25,21.857263615505374,Normal Weight,6-8 hours,1,25.15,Moderate,96,2026,6,June,20,Saturday,True,2026-06
R0164,U062,User_062,30,Male,Faisalabad,170.7,67.2,Cardio,45,454,8664,118,69,5.8,3.9,2000,1,Beginner,2025-09-08,26-35,23.062279479822056,Normal Weight,Less than 6 hours,1,29.26,Moderate,47,2025,9,September,8,Monday,False,2025-09
R0200,U019,User_019,30,Male,Rawalpindi,170.6,77.4,Running,42,474,7490,114,74,5.8,2.9,2552,3,Beginner,2026-02-03,26-35,26.593953620694634,Overweight,Less than 6 hours,1,33.58,Moderate,20,2026,2,February,3,Tuesday,False,2026-02
R0256,U022,User_022,37,Male,Sialkot,170.4,76.6,Yoga,73,244,8065,138,58,7.2,3.0,2274,6,Advanced,2026-04-06,36-45,26.380898851638783,Overweight,6-8 hours,3,48.36,Moderate,29,2026,4,April,6,Monday,False,2026-04
R0075,U049,User_049,40,Male,Lahore,164.8,56.9,HIIT,31,356,6421,117,74,8.5,2.5,2395,4,Advanced,2025-10-05,36-45,20.950666886605706,Normal Weight,More than 8 hours,3,33.93,Moderate,53,2025,10,October,5,Sunday,True,2025-10
R0324,U005,User_005,32,Male,Gujranwala,174.6,73.7,Weight Training,52,422,7641,121,72,5.8,3.5,2455,5,Intermediate,2025-09-04,26-35,24.175697290091314,Normal Weight,Less than 6 hours,2,41.53,Moderate,59,2025,9,September,4,Thursday,False,2025-09
R0239,U094,User_094,26,Female,Peshawar,170.2,60.4,Cycling,56,590,12199,139,58,5.9,2.8,2181,4,Intermediate,2025-10-07,26-35,20.85056496746069,Normal Weight,Less than 6 hours,2,51.95,Good,11,2025,10,October,7,Tuesday,False,2025-10
R0497,U087,User_087,47,Female,Islamabad,145.0,70.4,Weight Training,67,408,8660,146,79,7.0,3.3,2683,1,Beginner,2026-02-05,46-55,33.48394768133175,Obese,6-8 hours,1,35.22,Moderate,70,2026,2,February,5,Thursday,False,2026-02
R0120,U028,User_028,25,Male,Karachi,178.5,81.2,Cardio,46,347,8289,144,66,7.8,3.4,2692,2,Beginner,2026-04-11,18-25,25.48470368539573,Overweight,6-8 hours,1,32.78,Moderate,41,2026,4,April,11,Saturday,True,2026-04
R0305,U042,User_042,21,Male,Karachi,166.9,67.3,Running,56,700,10685,142,68,6.5,3.1,2582,2,Beginner,2026-06-08,18-25,24.160303795178063,Normal Weight,6-8 hours,1,46.29,Moderate,66,2026,6,June,8,Monday,False,2026-06
R0313,U029,User_029,32,Female,Islamabad,156.6,71.7,Running,53,477,7212,126,67,7.7,3.4,2269,3,Advanced,2025-11-20,26-35,29.237190685202318,Overweight,6-8 hours,3,38.89,Moderate,55,2025,11,November,20,Thursday,False,2025-11
R0267,U037,User_037,35,Male,Peshawar,177.6,84.4,Cycling,65,534,12091,142,61,7.2,3.8,2264,4,Intermediate,2025-11-30,26-35,26.758177096014936,Overweight,6-8 hours,2,54.6,Good,8,2025,11,November,30,Sunday,True,2025-11
R0513,U067,User_067,18,Male,Gujranwala,173.5,75.7,Walking,36,221,6409,125,75,7.4,2.3,2334,2,Beginner,2026-08-03,18-25,25.14762185550914,Overweight,6-8 hours,1,23.12,Low,17,2026,8,August,3,Monday,False,2026-08
R0422,U091,User_091,43,Male,Faisalabad,183.7,75.4,Yoga,63,217,11627,144,73,7.0,3.8,2336,2,Beginner,2026-04-07,36-45,22.343594100461427,Normal Weight,6-8 hours,1,38.24,Moderate,35,2026,4,April,7,Tuesday,False,2026-04
R0493,U074,User_074,37,Female,Islamabad,172.6,68.8,Swimming,47,485,8656,130,78,8.6,3.2,2302,3,Beginner,2026-04-02,36-45,23.094409138941067,Normal Weight,More than 8 hours,1,41.87,Moderate,37,2026,4,April,2,Thursday,False,2026-04
R0393,U036,User_036,34,Female,Faisalabad,179.2,88.5,Swimming,46,407,9490,116,67,6.6,2.4,2561,4,Intermediate,2026-01-29,26-35,27.559241470025515,Overweight,6-8 hours,2,41.16,Moderate,89,2026,1,January,29,Thursday,False,2026-01
R0438,U029,User_029,32,Female,Islamabad,156.6,71.7,HIIT,54,660,9564,132,66,6.1,2.8,1978,2,Beginner,2026-01-15,26-35,29.237190685202318,Overweight,6-8 hours,1,42.08,Moderate,55,2026,1,January,15,Thursday,False,2026-01
R0404,U047,User_047,49,Male,Multan,175.2,59.7,Cycling,61,636,9407,123,72,6.9,3.2,2206,4,Intermediate,2026-02-27,46-55,19.449396384562462,Normal Weight,6-8 hours,2,50.82,Good,39,2026,2,February,27,Friday,False,2026-02
R0285,U097,User_097,33,Male,Karachi,179.5,93.8,Walking,39,192,11095,119,64,7.2,3.3,2330,3,Beginner,2026-04-24,26-35,29.112126690512955,Overweight,6-8 hours,1,34.71,Moderate,74,2026,4,April,24,Friday,False,2026-04
R0287,U063,User_063,43,Female,Peshawar,163.0,78.2,HIIT,21,234,6813,97,75,7.0,2.2,2464,3,Beginner,2025-09-04,36-45,29.43279762128797,Overweight,6-8 hours,1,23.37,Low,54,2025,9,September,4,Thursday,False,2025-09
R0037,U043,User_043,47,Male,Lahore,164.6,76.9,Walking,20,95,9553,111,81,7.8,2.5,2318,1,Beginner,2025-11-22,46-55,28.383547729390006,Overweight,6-8 hours,1,19.33,Low,97,2025,11,November,22,Saturday,True,2025-11
R0197,U070,User_070,43,Female,Lahore,166.0,75.5,Cardio,50,416,8534,128,66,6.9,3.2,2259,3,Beginner,2026-08-13,36-45,27.398751633038177,Overweight,6-8 hours,1,37.73,Moderate,98,2026,8,August,13,Thursday,False,2026-08
R0140,U008,User_008,28,Female,Quetta,173.3,53.4,Weight Training,48,347,9090,128,75,6.8,2.7,1946,2,Intermediate,2026-01-03,26-35,17.780506637889324,Underweight,6-8 hours,2,33.04,Moderate,67,2026,1,January,3,Saturday,True,2026-01
R0384,U040,User_040,37,Male,Multan,175.8,72.3,Cardio,46,393,11834,130,56,6.9,2.8,2709,4,Intermediate,2025-11-16,36-45,23.393788318248706,Normal Weight,6-8 hours,2,45.63,Moderate,49,2025,11,November,16,Sunday,True,2025-11
R0263,U060,User_060,51,Male,Multan,174.7,69.8,Cycling,64,548,9866,142,62,7.5,3.6,2805,3,Intermediate,2025-11-28,46-55,22.870181575480284,Normal Weight,6-8 hours,2,47.8,Moderate,82,2025,11,November,28,Friday,False,2025-11
R0298,U051,User_051,23,Female,Sialkot,169.6,89.4,HIIT,54,556,8191,143,58,6.2,2.4,2966,3,Beginner,2026-03-05,18-25,31.08034442862229,Obese,6-8 hours,1,40.41,Moderate,45,2026,3,March,5,Thursday,False,2026-03
R0299,U070,User_070,43,Female,Lahore,166.0,75.5,Cardio,30,284,9739,112,70,7.1,2.2,2242,3,Beginner,2025-09-03,36-45,27.398751633038177,Overweight,6-8 hours,1,32.29,Moderate,98,2025,9,September,3,Wednesday,False,2025-09
R0060,U021,User_021,37,Female,Lahore,161.0,85.5,Yoga,55,211,9034,134,74,6.1,2.9,2204,2,Beginner,2026-06-22,36-45,32.98483854789553,Obese,6-8 hours,1,29.94,Moderate,34,2026,6,June,22,Monday,False,2026-06
R0112,U003,User_003,35,Female,Peshawar,166.6,73.0,Running,66,674,8164,150,61,8.5,3.2,3090,6,Intermediate,2026-06-22,26-35,26.301036621131047,Overweight,More than 8 hours,2,60.01,Good,28,2026,6,June,22,Monday,False,2026-06
R0276,U089,User_089,45,Female,Lahore,166.7,82.4,Running,53,639,8618,124,67,8.1,3.1,2348,2,Beginner,2026-02-26,36-45,29.652137958730997,Overweight,More than 8 hours,1,42.93,Moderate,61,2026,2,February,26,Thursday,False,2026-02
R0269,U083,User_083,21,Male,Gujranwala,173.0,76.8,Cardio,68,627,12567,131,73,7.1,3.1,2789,2,Beginner,2025-08-10,18-25,25.6607303952688,Overweight,6-8 hours,1,51.7,Good,32,2025,8,August,10,Sunday,True,2025-08
R0412,U041,User_041,34,Male,Lahore,162.0,82.2,Weight Training,75,577,9144,170,67,6.8,4.3,2660,4,Intermediate,2025-12-13,26-35,31.32144490169181,Obese,6-8 hours,2,51.92,Good,6,2025,12,December,13,Saturday,True,2025-12
R0151,U056,User_056,35,Female,Multan,170.9,58.5,HIIT,15,171,5924,100,77,5.2,1.8,1844,3,Intermediate,2025-11-18,26-35,20.029575294255004,Normal Weight,Less than 6 hours,2,15.71,Low,91,2025,11,November,18,Tuesday,False,2025-11
R0206,U001,User_001,35,Male,Multan,169.1,75.0,Running,50,516,12283,138,67,7.3,2.8,2417,5,Professional,2025-12-10,26-35,26.22853587766452,Overweight,6-8 hours,4,54.51,Good,42,2025,12,December,10,Wednesday,False,2025-12
R0039,U023,User_023,34,Male,Lahore,169.5,84.2,Yoga,66,235,13020,154,75,5.8,3.1,3183,6,Intermediate,2026-04-28,26-35,29.307089217810496,Overweight,Less than 6 hours,2,53.27,Good,73,2026,4,April,28,Tuesday,False,2026-04
R0330,U047,User_047,49,Male,Multan,175.2,59.7,Running,57,571,9602,145,66,7.0,3.2,1851,4,Intermediate,2026-04-08,46-55,19.449396384562462,Normal Weight,6-8 hours,2,48.76,Moderate,39,2026,4,April,8,Wednesday,False,2026-04
R0199,U068,User_068,36,Female,Gujranwala,176.8,64.4,Yoga,44,171,7343,128,68,7.1,3.1,2463,4,Intermediate,2026-08-14,36-45,20.602567514997645,Normal Weight,6-8 hours,2,31.6,Moderate,94,2026,8,August,14,Friday,False,2026-08
R0451,U092,User_092,55,Female,Sialkot,156.1,72.2,Cycling,37,347,7322,124,73,4.6,1.8,2613,4,Intermediate,2026-04-14,46-55,29.629982258945528,Overweight,Less than 6 hours,2,30.2,Moderate,87,2026,4,April,14,Tuesday,False,2026-04
R0147,U026,User_026,29,Female,Islamabad,174.0,63.6,Weight Training,68,558,12348,137,70,7.4,3.1,2594,6,Advanced,2026-06-02,26-35,21.00673801030519,Normal Weight,6-8 hours,3,63.39,Good,46,2026,6,June,2,Tuesday,False,2026-06
R0503,U093,User_093,31,Female,Lahore,165.0,73.5,Walking,52,267,11377,150,74,6.3,2.9,2474,4,Intermediate,2025-09-26,26-35,26.997245179063363,Overweight,6-8 hours,2,41.98,Moderate,63,2025,9,September,26,Friday,False,2025-09
R0148,U064,User_064,20,Male,Faisalabad,176.7,63.5,Walking,19,96,3987,106,66,6.8,2.1,2179,2,Beginner,2025-08-14,18-25,20.33764331232631,Normal Weight,6-8 hours,1,10.53,Low,64,2025,8,August,14,Thursday,False,2025-08
R0322,U066,User_066,48,Male,Faisalabad,168.0,75.7,Running,17,185,8001,112,68,7.8,2.0,2848,2,Beginner,2026-04-20,46-55,26.82114512471656,Overweight,6-8 hours,1,21.4,Low,78,2026,4,April,20,Monday,False,2026-04
R0300,U006,User_006,38,Male,Quetta,161.3,81.9,Cycling,56,596,7562,123,66,7.2,4.1,2597,3,Beginner,2026-07-25,36-45,31.47858245678228,Obese,6-8 hours,1,42.41,Moderate,76,2026,7,July,25,Saturday,True,2026-07
R0124,U017,User_017,26,Male,Faisalabad,170.9,63.2,Yoga,64,228,11742,142,77,7.9,3.8,2406,5,Advanced,2026-07-10,26-35,21.638789035844724,Normal Weight,6-8 hours,3,50.47,Good,13,2026,7,July,10,Friday,False,2026-07
R0454,U049,User_049,40,Male,Lahore,164.8,56.9,Cardio,89,695,11671,166,66,6.4,4.9,2832,6,Intermediate,2026-05-21,36-45,20.950666886605706,Normal Weight,6-8 hours,2,68.82,Good,53,2026,5,May,21,Thursday,False,2026-05
R0097,U047,User_047,49,Male,Multan,170.2,59.7,Yoga,44,153,9797,147,62,7.5,3.0,2754,2,Beginner,2026-04-28,46-55,20.608919346976876,Normal Weight,6-8 hours,1,29.66,Moderate,39,2026,4,April,28,Tuesday,False,2026-04
R0144,U041,User_041,34,Male,Lahore,162.0,82.2,Weight Training,66,540,7858,152,66,8.7,3.2,1743,5,Advanced,2026-06-18,26-35,31.32144490169181,Obese,More than 8 hours,3,53.05,Good,6,2026,6,June,18,Thursday,False,2026-06
R0240,U095,User_095,24,Female,Faisalabad,182.0,72.4,Running,39,454,5858,130,72,7.7,3.4,2501,3,Intermediate,2025-08-28,18-25,21.857263615505374,Normal Weight,6-8 hours,2,32.56,Moderate,96,2025,8,August,28,Thursday,False,2025-08
R0332,U088,User_088,25,Female,Karachi,159.8,78.0,Cardio,47,408,11023,128,68,6.9,3.3,2624,3,Beginner,2025-10-25,18-25,30.54506493567522,Obese,6-8 hours,1,41.42,Moderate,77,2025,10,October,25,Saturday,True,2025-10
R0098,U056,User_056,35,Female,Multan,170.9,58.5,Weight Training,73,446,12157,143,67,6.2,3.4,2588,3,Intermediate,2025-09-11,26-35,20.029575294255004,Normal Weight,6-8 hours,2,49.34,Moderate,91,2025,9,September,11,Thursday,False,2025-09
R0417,U075,User_075,37,Female,Rawalpindi,157.7,76.7,Cardio,51,402,9472,127,64,5.8,3.8,2427,6,Advanced,2025-11-22,36-45,30.84125039355768,Obese,Less than 6 hours,3,47.49,Moderate,9,2025,11,November,22,Saturday,True,2025-11
R0369,U097,User_097,33,Male,Karachi,179.5,93.8,Cycling,76,712,9830,132,68,7.0,3.3,2454,4,Intermediate,2026-01-01,26-35,29.112126690512955,Overweight,6-8 hours,2,57.18,Good,74,2026,1,January,1,Thursday,False,2026-01
R0123,U057,User_057,22,Male,Lahore,169.4,73.1,Running,83,868,11708,169,60,7.1,4.3,2656,6,Advanced,2026-06-27,18-25,25.473614075095238,Overweight,6-8 hours,3,73.06,Good,4,2026,6,June,27,Saturday,True,2026-06
R0184,U094,User_094,26,Female,Peshawar,170.2,60.4,Cycling,71,533,9374,141,74,7.1,4.1,2885,3,Beginner,2026-04-22,26-35,20.85056496746069,Normal Weight,6-8 hours,1,47.47,Moderate,11,2026,4,April,22,Wednesday,False,2026-04
R0203,U020,User_020,18,Male,Multan,172.5,61.6,Cycling,69,665,13780,139,59,8.3,3.6,2020,6,Advanced,2025-10-28,18-25,20.70153329132535,Normal Weight,More than 8 hours,3,70.48,Good,5,2025,10,October,28,Tuesday,False,2025-10
R0247,U075,User_075,37,Female,Rawalpindi,157.7,76.7,Cardio,60,497,8790,137,76,7.3,3.9,2389,2,Intermediate,2025-12-12,36-45,30.84125039355768,Obese,6-8 hours,2,39.93,Moderate,9,2025,12,December,12,Friday,False,2025-12
R0321,U086,User_086,43,Male,Multan,168.5,95.0,Cardio,42,367,8670,136,63,7.8,3.3,2802,4,Beginner,2025-09-03,36-45,33.45983499018217,Obese,6-8 hours,1,39.73,Moderate,75,2025,9,September,3,Wednesday,False,2025-09
R0312,U036,User_036,34,Female,Faisalabad,179.2,88.5,Walking,41,200,11480,127,57,8.3,1.8,2383,3,Intermediate,2026-05-09,26-35,27.559241470025515,Overweight,More than 8 hours,2,37.94,Moderate,89,2026,5,May,9,Saturday,True,2026-05
R0370,U060,User_060,51,Male,Multan,174.7,69.8,Weight Training,51,363,7869,122,74,7.3,3.5,2453,2,Beginner,2026-05-31,46-55,22.870181575480284,Normal Weight,6-8 hours,1,32.74,Moderate,82,2026,5,May,31,Sunday,True,2026-05
R0495,U034,User_034,33,Female,Quetta,195.0,69.0,HIIT,38,463,6494,129,61,5.8,3.1,2315,4,Beginner,2026-01-17,26-35,18.14595660749507,Underweight,Less than 6 hours,1,33.87,Moderate,56,2026,1,January,17,Saturday,True,2026-01
R0418,U038,User_038,61,Male,Quetta,174.9,84.2,Weight Training,50,327,8272,117,78,8.4,2.0,2396,2,Beginner,2025-12-17,56+,27.525326078677317,Overweight,More than 8 hours,1,34.18,Moderate,80,2025,12,December,17,Wednesday,False,2025-12
R0297,U039,User_039,32,Female,Lahore,166.2,91.6,Cycling,49,459,9860,116,74,6.6,2.8,2423,3,Intermediate,2026-06-15,26-35,33.161444101245216,Obese,6-8 hours,2,40.53,Moderate,90,2026,6,June,15,Monday,False,2026-06
R0126,U090,User_090,39,Male,Multan,157.8,66.0,Weight Training,57,438,7320,143,64,6.3,3.3,2793,5,Intermediate,2026-06-04,36-45,26.505129947423455,Overweight,6-8 hours,2,43.34,Moderate,65,2026,6,June,4,Thursday,False,2026-06
R0317,U027,User_027,30,Male,Multan,178.7,83.2,Cycling,59,578,10889,135,71,7.1,3.1,3170,2,Intermediate,2026-04-25,26-35,26.053988749812504,Overweight,6-8 hours,2,45.28,Moderate,23,2026,4,April,25,Saturday,True,2026-04
R0224,U002,User_002,31,Female,Islamabad,182.1,63.0,Yoga,48,178,8471,124,73,6.3,3.5,2095,2,Beginner,2026-03-14,26-35,18.99855882360924,Normal Weight,6-8 hours,1,26.77,Moderate,72,2026,3,March,14,Saturday,True,2026-03
R0441,U026,User_026,29,Female,Islamabad,174.0,63.6,Cycling,50,424,10354,126,70,6.2,2.8,2543,3,Advanced,2026-05-24,26-35,21.00673801030519,Normal Weight,6-8 hours,3,40.11,Moderate,46,2026,5,May,24,Sunday,True,2026-05
R0220,U005,User_005,32,Male,Gujranwala,174.6,73.7,Cardio,70,623,8196,143,70,7.9,2.9,2501,5,Intermediate,2026-04-29,26-35,24.175697290091314,Normal Weight,6-8 hours,2,55.36,Good,59,2026,4,April,29,Wednesday,False,2026-04
R0130,U013,User_013,28,Female,Gujranwala,161.4,76.2,Swimming,47,374,9859,107,71,7.6,3.1,2597,5,Beginner,2026-04-11,26-35,29.251484455254438,Overweight,6-8 hours,1,46.25,Moderate,95,2026,4,April,11,Saturday,True,2026-04
R0443,U085,User_085,23,Male,Multan,160.7,79.8,Weight Training,65,484,9788,143,75,7.7,2.8,2342,2,Beginner,2026-07-25,18-25,30.900900656702223,Obese,6-8 hours,1,43.27,Moderate,92,2026,7,July,25,Saturday,True,2026-07
R0302,U007,User_007,50,Male,Multan,159.4,95.8,Yoga,72,221,6619,118,64,7.5,2.9,2708,5,Intermediate,2025-12-06,46-55,37.704125728697164,Obese,6-8 hours,2,42.05,Moderate,18,2025,12,December,6,Saturday,True,2025-12
R0406,U053,User_053,35,Female,Lahore,162.6,81.4,HIIT,67,706,10274,150,64,8.2,4.1,2442,7,Advanced,2025-11-03,26-35,30.788130759536383,Obese,More than 8 hours,3,67.77,Good,25,2025,11,November,3,Monday,False,2025-11
R0398,U063,User_063,43,Female,Peshawar,163.0,78.2,Cardio,63,422,9476,133,70,7.2,3.7,2489,7,Professional,2026-02-18,36-45,29.43279762128797,Overweight,6-8 hours,4,56.48,Good,54,2026,2,February,18,Wednesday,False,2026-02
R0429,U054,User_054,28,Female,Faisalabad,175.1,81.4,Walking,56,253,11257,138,62,7.3,3.4,2468,6,Advanced,2026-01-11,26-35,26.549241177677377,Overweight,6-8 hours,3,50.68,Good,12,2026,1,January,11,Sunday,True,2026-01
R0374,U068,User_068,36,Female,Gujranwala,176.8,64.4,Cardio,44,369,5816,124,70,5.3,3.4,2439,2,Beginner,2025-08-08,36-45,20.602567514997645,Normal Weight,Less than 6 hours,1,24.12,Low,94,2025,8,August,8,Friday,False,2025-08
R0308,U029,User_029,32,Female,Islamabad,156.6,71.7,Yoga,49,136,9492,125,66,7.1,2.8,2809,4,Beginner,2026-04-09,26-35,29.237190685202318,Overweight,6-8 hours,1,35.83,Moderate,55,2026,4,April,9,Thursday,False,2026-04
R0295,U053,User_053,35,Female,Lahore,162.6,81.4,Yoga,26,94,7163,111,70,6.4,2.3,2357,2,Beginner,2026-08-01,26-35,30.788130759536383,Obese,6-8 hours,1,17.28,Low,25,2026,8,August,1,Saturday,True,2026-08
R0458,U013,User_013,28,Female,Gujranwala,161.4,76.2,Yoga,37,130,9211,120,79,7.0,2.8,2155,2,Beginner,2025-11-23,26-35,29.251484455254438,Overweight,6-8 hours,1,25.53,Moderate,95,2025,11,November,23,Sunday,True,2025-11
R0357,U006,User_006,38,Male,Quetta,161.3,81.9,HIIT,59,699,7336,122,70,6.6,3.7,2237,4,Intermediate,2026-06-14,36-45,31.47858245678228,Obese,6-8 hours,2,47.63,Moderate,76,2026,6,June,14,Sunday,True,2026-06
R0113,U023,User_023,34,Male,Lahore,169.5,84.2,Cardio,42,376,5338,129,71,6.0,2.1,2490,3,Beginner,2025-10-13,26-35,29.307089217810496,Overweight,Less than 6 hours,1,27.46,Moderate,73,2025,10,October,13,Monday,False,2025-10
R0180,U075,User_075,37,Female,Rawalpindi,157.7,76.7,Swimming,84,851,7932,156,59,8.1,4.4,2882,5,Intermediate,2026-07-08,36-45,30.84125039355768,Obese,More than 8 hours,2,64.26,Good,9,2026,7,July,8,Wednesday,False,2026-07
R0323,U010,User_010,28,Female,Quetta,175.4,45.0,HIIT,54,617,11268,148,70,7.9,2.6,2458,5,Advanced,2026-07-31,26-35,14.62693514351949,Underweight,6-8 hours,3,57.15,Good,15,2026,7,July,31,Friday,False,2026-07
R0356,U038,User_038,61,Male,Quetta,174.9,84.2,Running,26,284,6877,119,62,5.3,2.2,2266,3,Beginner,2026-06-18,56+,27.525326078677317,Overweight,Less than 6 hours,1,23.06,Low,80,2026,6,June,18,Thursday,False,2026-06
R0347,U036,User_036,34,Female,Faisalabad,179.2,88.5,Weight Training,62,499,8524,137,76,7.5,3.5,2161,2,Beginner,2025-09-28,26-35,27.559241470025515,Overweight,6-8 hours,1,40.29,Moderate,89,2025,9,September,28,Sunday,True,2025-09
R0510,U059,User_059,24,Male,Faisalabad,188.3,86.6,Cardio,37,222,10291,129,61,8.3,3.0,2183,6,Advanced,2026-03-06,18-25,24.42402590864568,Normal Weight,More than 8 hours,3,45.37,Moderate,85,2026,3,March,6,Friday,False,2026-03
R0394,U054,User_054,28,Female,Faisalabad,175.1,81.4,HIIT,63,625,10190,143,64,6.5,3.3,2286,4,Advanced,2025-11-30,26-35,26.549241177677377,Overweight,6-8 hours,3,51.77,Good,12,2025,11,November,30,Sunday,True,2025-11
R0234,U075,User_075,37,Female,Rawalpindi,157.7,76.7,Running,66,647,10839,135,64,8.2,3.0,2719,4,Intermediate,2026-07-17,36-45,30.84125039355768,Obese,More than 8 hours,2,57.08,Good,9,2026,7,July,17,Friday,False,2026-07
R0472,U016,User_016,45,Male,Karachi,176.7,64.6,Swimming,23,218,10385,115,75,6.2,2.9,2142,2,Beginner,2026-06-07,36-45,20.689948944508338,Normal Weight,6-8 hours,1,25.33,Moderate,79,2026,6,June,7,Sunday,True,2026-06
R0477,U078,User_078,37,Male,Quetta,178.3,69.6,HIIT,50,570,8679,128,73,8.9,3.4,2142,3,Beginner,2026-06-04,36-45,21.89306433383903,Normal Weight,More than 8 hours,1,45.27,Moderate,30,2026,6,June,4,Thursday,False,2026-06
R0165,U094,User_094,26,Female,Peshawar,170.2,60.4,Running,64,535,10244,129,64,6.9,4.0,2032,7,Advanced,2025-11-13,26-35,20.85056496746069,Normal Weight,6-8 hours,3,60.49,Good,11,2025,11,November,13,Thursday,False,2025-11
R0318,U055,User_055,18,Female,Peshawar,162.4,71.8,Running,66,798,8419,157,81,6.3,4.2,2659,4,Beginner,2026-05-25,18-25,27.224028731587758,Overweight,6-8 hours,1,53.26,Good,43,2026,5,May,25,Monday,False,2026-05
R0137,U100,User_100,43,Male,Multan,173.2,60.5,Yoga,36,149,6593,108,74,8.0,3.5,2250,1,Beginner,2025-10-11,36-45,20.167849847191036,Normal Weight,6-8 hours,1,19.31,Low,84,2025,10,October,11,Saturday,True,2025-10
R0198,U026,User_026,29,Female,Islamabad,174.0,63.6,Cardio,47,474,9248,120,77,6.7,3.4,2616,1,Beginner,2026-02-07,26-35,21.00673801030519,Normal Weight,6-8 hours,1,32.82,Moderate,46,2026,2,February,7,Saturday,True,2026-02
R0259,U093,User_093,31,Female,Lahore,165.0,73.5,Cycling,60,558,10161,125,77,7.3,3.8,2446,2,Beginner,2025-11-01,26-35,26.997245179063363,Overweight,6-8 hours,1,44.0,Moderate,63,2025,11,November,1,Saturday,True,2025-11
R0233,U009,User_009,25,Female,Faisalabad,167.0,104.0,HIIT,43,394,8616,125,81,7.9,2.7,2591,1,Beginner,2026-01-30,18-25,37.29068808490803,Obese,6-8 hours,1,30.71,Moderate,68,2026,1,January,30,Friday,False,2026-01
R0116,U099,User_099,37,Male,Peshawar,160.2,104.3,Yoga,68,247,8431,144,72,6.4,3.8,2796,4,Beginner,2026-04-03,36-45,40.64052269245217,Obese,6-8 hours,1,39.93,Moderate,44,2026,4,April,3,Friday,False,2026-04
R0121,U074,User_074,37,Female,Islamabad,172.6,68.8,Weight Training,73,503,10251,145,72,7.7,4.4,2323,4,Intermediate,2026-03-09,36-45,23.094409138941067,Normal Weight,6-8 hours,2,53.13,Good,37,2026,3,March,9,Monday,False,2026-03
R0419,U002,User_002,31,Female,Islamabad,182.1,63.0,HIIT,57,644,13932,153,58,6.5,3.3,2251,6,Professional,2025-12-03,26-35,18.99855882360924,Normal Weight,6-8 hours,4,64.41,Good,72,2025,12,December,3,Wednesday,False,2025-12
R0225,U013,User_013,28,Female,Gujranwala,161.4,76.2,Running,30,351,3268,109,73,6.1,2.8,2337,2,Beginner,2025-11-03,26-35,29.251484455254438,Overweight,6-8 hours,1,17.06,Low,95,2025,11,November,3,Monday,False,2025-11
R0425,U017,User_017,26,Male,Faisalabad,170.9,63.2,HIIT,67,846,13178,144,61,7.7,3.1,2352,7,Professional,2026-04-12,26-35,21.638789035844724,Normal Weight,6-8 hours,4,75.83,Excellent,13,2026,4,April,12,Sunday,True,2026-04
R0354,U011,User_011,44,Male,Gujranwala,173.3,69.7,Walking,40,171,10581,130,77,5.3,2.3,2208,2,Beginner,2026-01-31,36-45,23.207889750203858,Normal Weight,Less than 6 hours,1,26.94,Moderate,31,2026,1,January,31,Saturday,True,2026-01
R0128,U025,User_025,18,Male,Rawalpindi,172.2,59.6,Weight Training,72,479,12701,122,71,7.2,4.0,1917,5,Intermediate,2025-12-03,18-25,20.099255248401164,Normal Weight,6-8 hours,2,59.29,Good,24,2025,12,December,3,Wednesday,False,2025-12
R0516,U092,User_092,55,Female,Sialkot,156.1,72.2,Weight Training,47,261,10840,134,65,8.4,3.4,2242,5,Intermediate,2025-11-16,46-55,29.629982258945528,Overweight,More than 8 hours,2,46.54,Moderate,87,2025,11,November,16,Sunday,True,2025-11
R0286,U023,User_023,34,Male,Lahore,169.5,84.2,Running,58,551,11997,138,58,8.1,3.2,2524,4,Beginner,2026-08-14,26-35,29.307089217810496,Overweight,More than 8 hours,1,54.75,Good,73,2026,8,August,14,Friday,False,2026-08
R0434,U070,User_070,43,Female,Lahore,166.0,75.5,Weight Training,23,144,8071,112,69,6.9,2.2,2300,2,Beginner,2026-04-10,36-45,27.398751633038177,Overweight,6-8 hours,1,20.37,Low,98,2026,4,April,10,Friday,False,2026-04
R0108,U014,User_014,40,Male,Quetta,155.4,62.7,Cardio,44,336,4767,132,71,5.6,3.2,2477,2,Beginner,2026-06-03,36-45,25.963636002246037,Overweight,Less than 6 hours,1,21.86,Low,36,2026,6,June,3,Wednesday,False,2026-06
R0442,U028,User_028,25,Male,Karachi,178.5,81.2,Running,52,534,10391,117,68,6.7,8.0,2652,6,Advanced,2026-05-28,18-25,25.48470368539573,Overweight,6-8 hours,3,54.28,Good,41,2026,5,May,28,Thursday,False,2026-05
R0342,U076,User_076,38,Female,Lahore,177.3,94.1,Yoga,71,274,10030,131,64,7.5,3.6,2324,5,Intermediate,2026-04-13,36-45,29.93450990908625,Overweight,6-8 hours,2,49.44,Moderate,7,2026,4,April,13,Monday,False,2026-04
R0134,U010,User_010,28,Female,Quetta,175.4,45.0,Running,68,689,9054,135,69,6.9,3.1,2357,2,Beginner,2026-04-07,26-35,14.62693514351949,Underweight,6-8 hours,1,46.47,Moderate,15,2026,4,April,7,Tuesday,False,2026-04
R0383,U078,User_078,37,Male,Quetta,178.3,69.6,Cardio,74,600,8370,122,70,7.7,3.3,2444,6,Advanced,2026-01-23,36-45,21.89306433383903,Normal Weight,6-8 hours,3,59.03,Good,30,2026,1,January,23,Friday,False,2026-01
R0045,U008,User_008,28,Female,Quetta,173.3,53.4,Cardio,70,516,11344,130,65,7.1,3.8,2343,5,Intermediate,2025-09-04,26-35,17.780506637889324,Underweight,6-8 hours,2,57.1,Good,67,2025,9,September,4,Thursday,False,2025-09
R0487,U008,User_008,28,Female,Quetta,173.3,53.4,Walking,41,240,10182,123,72,7.7,2.7,2242,3,Beginner,2026-07-22,26-35,17.780506637889324,Underweight,6-8 hours,1,35.55,Moderate,67,2026,7,July,22,Wednesday,False,2026-07
R0066,U022,User_022,37,Male,Sialkot,170.4,76.6,Walking,43,197,8249,123,68,6.9,4.1,2090,3,Intermediate,2026-05-06,36-45,26.380898851638783,Overweight,6-8 hours,2,30.02,Moderate,29,2026,5,May,6,Wednesday,False,2026-05
R0284,U038,User_038,61,Male,Quetta,174.9,84.2,Running,47,441,11820,135,69,5.0,3.1,2341,4,Intermediate,2025-10-19,56+,27.525326078677317,Overweight,Less than 6 hours,2,43.86,Moderate,80,2025,10,October,19,Sunday,True,2025-10
R0086,U063,User_063,43,Female,Peshawar,163.0,78.2,Weight Training,50,399,9540,119,71,7.8,3.4,2490,3,Beginner,2026-05-09,36-45,29.43279762128797,Overweight,6-8 hours,1,40.67,Moderate,54,2026,5,May,9,Saturday,True,2026-05
R0243,U062,User_062,30,Male,Faisalabad,170.7,67.2,Weight Training,61,486,6448,130,77,7.4,3.1,2297,3,Beginner,2026-07-26,26-35,23.062279479822056,Normal Weight,6-8 hours,1,39.07,Moderate,47,2026,7,July,26,Sunday,True,2026-07
R0187,U057,User_057,22,Male,Lahore,169.4,73.1,Running,55,586,8991,147,68,6.0,3.3,2528,4,Beginner,2025-12-16,18-25,25.473614075095238,Overweight,Less than 6 hours,1,45.87,Moderate,4,2025,12,December,16,Tuesday,False,2025-12
R0405,U073,User_073,40,Male,Lahore,184.9,61.2,Yoga,37,109,7993,129,59,7.9,3.1,2327,2,Beginner,2026-01-31,36-45,17.901012664966462,Underweight,6-8 hours,1,24.27,Low,86,2026,1,January,31,Saturday,True,2026-01
R0160,U004,User_004,18,Female,Sialkot,193.5,66.2,Cardio,54,513,8647,135,64,7.0,2.8,2445,6,Professional,2026-05-01,18-25,17.680561397886077,Underweight,6-8 hours,4,51.5,Good,40,2026,5,May,1,Friday,False,2026-05
R0013,U052,User_052,28,Female,Islamabad,159.3,83.9,Running,49,424,10496,120,76,7.0,2.7,2360,4,Beginner,2026-07-27,26-35,33.062098028529554,Obese,6-8 hours,1,44.82,Moderate,33,2026,7,July,27,Monday,False,2026-07
R0029,U084,User_084,41,Male,Karachi,176.0,59.6,Cardio,21,173,8306,112,72,6.4,2.4,2349,3,Intermediate,2026-07-10,36-45,19.240702479338843,Normal Weight,6-8 hours,2,23.56,Low,60,2026,7,July,10,Friday,False,2026-07
R0171,U031,User_031,55,Female,Sialkot,173.6,91.2,Weight Training,60,342,9436,132,73,7.7,4.2,2773,4,Beginner,2025-09-30,46-55,30.26184459215528,Obese,6-8 hours,1,44.52,Moderate,10,2025,9,September,30,Tuesday,False,2025-09
R0143,U042,User_042,21,Male,Karachi,166.9,67.3,Walking,32,149,7179,119,62,4.1,2.3,2199,5,Professional,2026-03-16,18-25,24.160303795178063,Normal Weight,Less than 6 hours,4,26.24,Moderate,66,2026,3,March,16,Monday,False,2026-03
R0421,U082,User_082,39,Female,Gujranwala,162.6,67.7,Walking,38,170,6944,124,70,6.8,1.9,2735,3,Beginner,2025-09-30,36-45,25.606344624331857,Overweight,6-8 hours,1,25.6,Moderate,51,2025,9,September,30,Tuesday,False,2025-09
R0368,U089,User_089,45,Female,Lahore,166.7,82.4,Cycling,66,634,8362,145,71,5.9,3.5,2822,5,Intermediate,2026-04-01,36-45,29.652137958730997,Overweight,Less than 6 hours,2,51.66,Good,61,2026,4,April,1,Wednesday,False,2026-04
R0222,U010,User_010,28,Female,Quetta,175.4,45.0,Walking,47,220,8944,146,57,7.7,3.0,2284,7,Professional,2026-01-28,26-35,14.62693514351949,Underweight,6-8 hours,4,47.49,Moderate,15,2026,1,January,28,Wednesday,False,2026-01
R0096,U079,User_079,37,Male,Karachi,155.3,71.7,Walking,46,261,12523,132,77,7.2,3.5,2083,6,Advanced,2026-04-23,36-45,29.72872229931972,Overweight,6-8 hours,3,50.72,Good,16,2026,4,April,23,Thursday,False,2026-04
R0052,U067,User_067,18,Male,Gujranwala,173.5,75.7,Running,60,605,10362,140,72,9.3,3.5,2646,6,Advanced,2025-09-26,18-25,25.14762185550914,Overweight,More than 8 hours,3,62.26,Good,17,2025,9,September,26,Friday,False,2025-09
R0241,U049,User_049,40,Male,Lahore,164.8,56.9,Yoga,47,154,7669,125,74,6.6,2.8,2441,4,Beginner,2026-05-01,36-45,20.950666886605706,Normal Weight,6-8 hours,1,31.62,Moderate,53,2026,5,May,1,Friday,False,2026-05
R0397,U001,User_001,35,Male,Multan,169.1,75.0,Weight Training,68,420,11986,139,72,7.5,3.9,2199,7,Professional,2025-08-29,26-35,26.22853587766452,Overweight,6-8 hours,4,62.72,Good,42,2025,8,August,29,Friday,False,2025-08
R0352,U069,User_069,37,Male,Islamabad,158.2,64.9,Running,25,268,6364,125,74,8.2,3.0,2442,4,Intermediate,2025-10-20,36-45,25.931744770897634,Overweight,More than 8 hours,2,29.69,Moderate,48,2025,10,October,20,Monday,False,2025-10
R0400,U055,User_055,18,Female,Peshawar,162.4,71.8,HIIT,31,367,7408,110,74,7.0,2.6,2721,2,Intermediate,2026-06-25,18-25,27.224028731587758,Overweight,6-8 hours,2,26.83,Moderate,43,2026,6,June,25,Thursday,False,2026-06
R0179,U092,User_092,55,Female,Sialkot,156.1,72.2,Walking,41,193,8636,127,70,7.4,2.6,2193,2,Beginner,2026-01-27,46-55,29.629982258945528,Overweight,6-8 hours,1,27.68,Moderate,87,2026,1,January,27,Tuesday,False,2026-01
R0042,U095,User_095,24,Female,Faisalabad,182.0,72.4,Weight Training,51,330,8366,110,78,5.7,3.5,3315,2,Beginner,2026-03-17,18-25,21.857263615505374,Normal Weight,Less than 6 hours,1,30.12,Moderate,96,2026,3,March,17,Tuesday,False,2026-03
R0496,U097,User_097,33,Male,Karachi,179.5,93.8,Running,65,643,10219,147,72,7.0,4.0,2076,4,Intermediate,2026-01-25,26-35,29.112126690512955,Overweight,6-8 hours,2,53.59,Good,74,2026,1,January,25,Sunday,True,2026-01
R0409,U052,User_052,28,Female,Islamabad,159.3,83.9,Cardio,64,536,12963,129,69,6.7,2.1,2441,6,Professional,2026-03-25,26-35,33.062098028529554,Obese,6-8 hours,4,61.85,Good,33,2026,3,March,25,Wednesday,False,2026-03
R0207,U090,User_090,39,Male,Multan,157.8,66.0,Walking,25,129,8543,130,72,5.9,2.8,2187,3,Intermediate,2026-07-26,36-45,26.505129947423455,Overweight,Less than 6 hours,2,22.97,Low,65,2026,7,July,26,Sunday,True,2026-07
R0283,U051,User_051,23,Female,Sialkot,169.6,89.4,Weight Training,55,345,7793,132,71,8.5,3.0,2087,1,Beginner,2026-03-04,18-25,31.08034442862229,Obese,More than 8 hours,1,31.75,Moderate,45,2026,3,March,4,Wednesday,False,2026-03
R0359,U023,User_023,34,Male,Lahore,169.5,84.2,Cardio,47,338,6914,117,71,6.7,2.6,2767,3,Beginner,2026-02-13,26-35,29.307089217810496,Overweight,6-8 hours,1,31.74,Moderate,73,2026,2,February,13,Friday,False,2026-02
R0255,U064,User_064,20,Male,Faisalabad,176.7,63.5,HIIT,27,276,10756,123,68,6.8,1.8,2043,6,Professional,2026-02-08,18-25,20.33764331232631,Normal Weight,6-8 hours,4,42.75,Moderate,64,2026,2,February,8,Sunday,True,2026-02
R0435,U088,User_088,25,Female,Karachi,159.8,78.0,Swimming,34,387,10058,96,73,4.3,3.1,2354,2,Beginner,2026-04-09,18-25,30.54506493567522,Obese,Less than 6 hours,1,28.38,Moderate,77,2026,4,April,9,Thursday,False,2026-04
R0005,U098,User_098,38,Male,Islamabad,169.1,86.4,Cardio,56,425,10011,138,65,6.8,3.1,2257,4,Intermediate,2025-12-16,36-45,30.21527333106953,Obese,6-8 hours,2,45.24,Moderate,38,2025,12,December,16,Tuesday,False,2025-12
R0257,U060,User_060,51,Male,Multan,174.7,69.8,Weight Training,58,441,4793,135,76,7.1,2.8,2789,1,Beginner,2026-03-23,46-55,22.870181575480284,Normal Weight,6-8 hours,1,27.01,Moderate,82,2026,3,March,23,Monday,False,2026-03
R0473,U040,User_040,37,Male,Multan,175.8,72.3,Walking,30,135,4519,114,65,8.1,2.2,2060,2,Intermediate,2025-10-28,36-45,23.393788318248706,Normal Weight,More than 8 hours,2,17.24,Low,49,2025,10,October,28,Tuesday,False,2025-10
R0101,U090,User_090,39,Male,Multan,157.8,66.0,Running,47,510,9820,131,83,5.6,3.0,2273,2,Beginner,2026-03-03,36-45,26.505129947423455,Overweight,Less than 6 hours,1,36.27,Moderate,65,2026,3,March,3,Tuesday,False,2026-03
R0227,U002,User_002,31,Female,Islamabad,182.1,63.0,HIIT,22,207,7490,117,75,6.7,2.2,2451,3,Beginner,2026-05-24,26-35,18.99855882360924,Normal Weight,6-8 hours,1,23.66,Low,72,2026,5,May,24,Sunday,True,2026-05
R0450,U086,User_086,43,Male,Multan,168.5,95.0,Walking,43,214,9528,132,78,5.1,2.5,2913,2,Beginner,2025-08-05,36-45,33.45983499018217,Obese,Less than 6 hours,1,26.45,Moderate,75,2025,8,August,5,Tuesday,False,2025-08
R0214,U077,User_077,27,Female,Lahore,188.1,84.9,Walking,44,195,6199,126,73,7.8,3.2,2178,4,Intermediate,2025-11-07,26-35,23.99551631483135,Normal Weight,6-8 hours,2,31.28,Moderate,83,2025,11,November,7,Friday,False,2025-11
R0445,U071,User_071,20,Female,Faisalabad,164.7,50.3,Weight Training,75,519,11261,135,64,4.7,3.4,2097,4,Intermediate,2025-12-15,18-25,18.543033662426105,Normal Weight,Less than 6 hours,2,50.82,Good,58,2025,12,December,15,Monday,False,2025-12
R0172,U040,User_040,37,Male,Multan,175.8,72.3,Cycling,31,302,8234,123,75,6.8,2.5,2126,3,Beginner,2025-11-08,36-45,23.393788318248706,Normal Weight,6-8 hours,1,29.7,Moderate,49,2025,11,November,8,Saturday,True,2025-11
R0099,U086,User_086,43,Male,Multan,168.5,95.0,Walking,50,247,9291,105,80,7.6,3.1,2470,3,Intermediate,2025-11-01,36-45,33.45983499018217,Obese,6-8 hours,2,36.02,Moderate,75,2025,11,November,1,Saturday,True,2025-11
R0293,U066,User_066,48,Male,Faisalabad,168.0,75.7,Walking,39,175,10914,124,70,6.2,1.8,2582,3,Intermediate,2026-03-17,46-55,26.82114512471656,Overweight,6-8 hours,2,32.26,Moderate,78,2026,3,March,17,Tuesday,False,2026-03
R0216,U033,User_033,37,Male,Gujranwala,173.6,80.2,Weight Training,68,467,8884,121,76,6.7,3.5,2415,2,Beginner,2025-09-03,36-45,26.611841406697955,Overweight,6-8 hours,1,40.19,Moderate,62,2025,9,September,3,Wednesday,False,2025-09
R0062,U082,User_082,39,Female,Gujranwala,162.6,67.7,Weight Training,41,317,10723,134,57,7.5,2.9,2411,6,Professional,2026-02-12,36-45,25.606344624331857,Overweight,6-8 hours,4,48.17,Moderate,51,2026,2,February,12,Thursday,False,2026-02
R0048,U056,User_056,35,Female,Multan,170.9,58.5,HIIT,35,364,4083,117,71,5.5,3.1,1745,2,Beginner,2026-08-14,26-35,20.029575294255004,Normal Weight,Less than 6 hours,1,19.05,Low,91,2026,8,August,14,Friday,False,2026-08
R0033,U006,User_006,38,Male,Quetta,161.3,81.9,Cardio,46,391,8112,116,78,7.6,2.9,2382,1,Intermediate,2026-04-20,36-45,31.47858245678228,Obese,6-8 hours,2,29.9,Moderate,76,2026,4,April,20,Monday,False,2026-04
R0268,U005,User_005,32,Male,Gujranwala,174.6,73.7,Cardio,35,260,6564,112,72,7.4,2.5,2429,2,Beginner,2026-08-15,26-35,24.175697290091314,Normal Weight,6-8 hours,1,24.17,Low,59,2026,8,August,15,Saturday,True,2026-08
R0328,U013,User_013,28,Female,Gujranwala,161.4,76.2,HIIT,39,461,9744,127,72,6.4,2.7,2648,3,Beginner,2026-03-22,26-35,29.251484455254438,Overweight,6-8 hours,1,37.71,Moderate,95,2026,3,March,22,Sunday,True,2026-03
R0201,U084,User_084,41,Male,Karachi,176.0,59.6,Walking,27,137,5813,132,81,6.6,2.4,2327,3,Beginner,2026-06-15,36-45,19.240702479338843,Normal Weight,6-8 hours,1,19.79,Low,60,2026,6,June,15,Monday,False,2026-06
R0471,U030,User_030,38,Male,Faisalabad,160.6,73.8,Swimming,42,426,7588,131,65,8.3,3.1,2416,6,Advanced,2026-07-09,36-45,28.613124196467485,Overweight,More than 8 hours,3,46.74,Moderate,52,2026,7,July,9,Thursday,False,2026-07
R0028,U017,User_017,26,Male,Faisalabad,170.9,63.2,Cycling,63,693,8285,140,63,7.1,3.6,2458,3,Intermediate,2025-10-21,26-35,21.638789035844724,Normal Weight,6-8 hours,2,47.67,Moderate,13,2025,10,October,21,Tuesday,False,2025-10
R0411,U026,User_026,29,Female,Islamabad,174.0,63.6,Cardio,61,526,9080,132,75,5.2,3.1,2744,3,Beginner,2026-04-22,26-35,21.00673801030519,Normal Weight,Less than 6 hours,1,41.23,Moderate,46,2026,4,April,22,Wednesday,False,2026-04
R0231,U073,User_073,40,Male,Lahore,184.9,61.2,Walking,49,239,8569,151,71,6.2,2.8,2848,4,Beginner,2025-11-11,36-45,17.901012664966462,Underweight,6-8 hours,1,35.23,Moderate,86,2025,11,November,11,Tuesday,False,2025-11
R0261,U011,User_011,44,Male,Gujranwala,173.3,69.7,Cycling,65,581,8363,144,71,7.4,3.6,2251,4,Advanced,2026-06-08,36-45,23.207889750203858,Normal Weight,6-8 hours,3,49.27,Moderate,31,2026,6,June,8,Monday,False,2026-06
R0379,U031,User_031,55,Female,Sialkot,173.6,91.2,Cardio,68,476,12209,141,61,7.3,3.1,2314,5,Advanced,2026-01-06,46-55,30.26184459215528,Obese,6-8 hours,3,57.55,Good,10,2026,1,January,6,Tuesday,False,2026-01
R0289,U097,User_097,33,Male,Karachi,179.5,93.8,Swimming,62,683,9292,141,69,6.5,3.2,2648,2,Beginner,2025-08-18,26-35,29.112126690512955,Overweight,6-8 hours,1,44.69,Moderate,74,2025,8,August,18,Monday,False,2025-08
R0163,U062,User_062,30,Male,Faisalabad,170.7,67.2,Walking,38,216,6841,118,71,6.0,2.8,2452,2,Intermediate,2025-12-17,26-35,23.062279479822056,Normal Weight,Less than 6 hours,2,21.9,Low,47,2025,12,December,17,Wednesday,False,2025-12
R0392,U090,User_090,39,Male,Multan,157.8,66.0,Cycling,70,588,11718,129,74,7.4,2.7,2350,2,Beginner,2026-08-07,36-45,26.505129947423455,Overweight,6-8 hours,1,50.12,Good,65,2026,8,August,7,Friday,False,2026-08
R0448,U049,User_049,40,Male,Lahore,164.8,56.9,Walking,55,248,8902,135,71,7.1,3.7,2611,3,Beginner,2026-07-08,36-45,20.950666886605706,Normal Weight,6-8 hours,1,35.65,Moderate,53,2026,7,July,8,Wednesday,False,2026-07
R0139,U034,User_034,33,Female,Quetta,195.0,69.0,Walking,36,166,8093,105,84,6.5,2.1,2167,2,Beginner,2026-06-20,26-35,18.14595660749507,Underweight,6-8 hours,1,23.32,Low,56,2026,6,June,20,Saturday,True,2026-06
R0063,U092,User_092,55,Female,Sialkot,156.1,72.2,Walking,32,163,7047,105,81,8.3,2.6,2113,1,Beginner,2025-12-11,46-55,29.629982258945528,Overweight,More than 8 hours,1,20.08,Low,87,2025,12,December,11,Thursday,False,2025-12
R0136,U018,User_018,30,Male,Sialkot,157.8,84.7,HIIT,57,602,10063,137,68,8.0,3.3,2731,4,Beginner,2026-07-11,26-35,34.0149167658601,Obese,6-8 hours,1,52.08,Good,3,2026,7,July,11,Saturday,True,2026-07
R0129,U017,User_017,26,Male,Faisalabad,170.9,63.2,Walking,56,298,7633,137,66,5.9,2.1,2584,4,Intermediate,2026-02-04,26-35,21.638789035844724,Normal Weight,Less than 6 hours,2,36.13,Moderate,13,2026,2,February,4,Wednesday,False,2026-02
R0505,U065,User_065,37,Male,Faisalabad,161.9,59.7,Walking,32,162,3647,102,69,8.1,2.1,2428,2,Beginner,2025-11-15,36-45,22.77616674443119,Normal Weight,More than 8 hours,1,16.79,Low,99,2025,11,November,15,Saturday,True,2025-11
R0009,U091,User_091,43,Male,Faisalabad,183.7,75.4,Running,57,537,8506,126,67,5.4,2.5,2284,5,Professional,2026-05-06,36-45,22.343594100461427,Normal Weight,Less than 6 hours,4,46.53,Moderate,35,2026,5,May,6,Wednesday,False,2026-05
R0327,U038,User_038,61,Male,Quetta,174.9,84.2,HIIT,58,593,8744,132,68,5.4,4.2,2604,4,Beginner,2025-08-25,56+,27.525326078677317,Overweight,Less than 6 hours,1,45.29,Moderate,80,2025,8,August,25,Monday,False,2025-08
R0491,U032,User_032,36,Male,Karachi,173.6,63.1,Running,66,688,11796,137,65,5.1,2.8,2529,4,Intermediate,2026-04-11,36-45,20.93774554566884,Normal Weight,Less than 6 hours,2,54.67,Good,26,2026,4,April,11,Saturday,True,2026-04
R0065,U061,User_061,25,Male,Islamabad,150.8,59.6,HIIT,55,617,9331,148,63,6.8,3.6,2293,3,Beginner,2026-05-22,18-25,26.208585158553145,Overweight,6-8 hours,1,45.3,Moderate,22,2026,5,May,22,Friday,False,2026-05
R0301,U067,User_067,18,Male,Gujranwala,173.5,75.7,HIIT,37,342,9870,110,62,7.6,2.2,2361,5,Intermediate,2026-04-23,18-25,25.14762185550914,Overweight,6-8 hours,2,43.14,Moderate,17,2026,4,April,23,Thursday,False,2026-04
R0015,U097,User_097,33,Male,Karachi,179.5,93.8,Weight Training,70,457,9960,140,77,7.9,3.2,2785,2,Beginner,2026-08-06,26-35,29.112126690512955,Overweight,6-8 hours,1,44.4,Moderate,74,2026,8,August,6,Thursday,False,2026-08
R0157,U021,User_021,37,Female,Lahore,161.0,85.5,HIIT,45,484,11049,111,72,4.5,3.8,2754,2,Beginner,2025-10-12,36-45,32.98483854789553,Obese,Less than 6 hours,1,35.56,Moderate,34,2025,10,October,12,Sunday,True,2025-10
R0041,U080,User_080,26,Male,Quetta,164.6,57.0,Cycling,53,482,14014,137,65,7.1,3.1,2050,5,Advanced,2025-10-01,26-35,21.038520423605075,Normal Weight,6-8 hours,3,57.2,Good,2,2025,10,October,1,Wednesday,False,2025-10
R0380,U009,User_009,25,Female,Faisalabad,167.0,104.0,Yoga,41,148,9894,127,78,5.6,3.2,2481,3,Intermediate,2025-09-28,18-25,37.29068808490803,Obese,Less than 6 hours,2,29.16,Moderate,68,2025,9,September,28,Sunday,True,2025-09
R0485,U004,User_004,18,Female,Sialkot,193.5,66.2,Walking,26,137,8145,130,62,7.1,2.5,2470,6,Advanced,2026-07-02,18-25,17.680561397886077,Underweight,6-8 hours,3,34.69,Moderate,40,2026,7,July,2,Thursday,False,2026-07
R0426,U043,User_043,47,Male,Lahore,164.6,76.9,Walking,27,132,4959,110,69,8.4,2.9,3078,2,Beginner,2025-10-24,46-55,28.383547729390006,Overweight,More than 8 hours,1,17.78,Low,97,2025,10,October,24,Friday,False,2025-10
R0217,U006,User_006,38,Male,Quetta,161.3,81.9,Cycling,58,534,12223,137,69,5.5,2.8,2252,3,Beginner,2025-10-09,36-45,31.47858245678228,Obese,Less than 6 hours,1,47.03,Moderate,76,2025,10,October,9,Thursday,False,2025-10
R0410,U057,User_057,22,Male,Lahore,169.4,73.1,Running,52,557,9905,138,79,7.9,2.9,2101,3,Beginner,2026-07-19,18-25,25.473614075095238,Overweight,6-8 hours,1,45.98,Moderate,4,2026,7,July,19,Sunday,True,2026-07
R0280,U039,User_039,32,Female,Lahore,166.2,91.6,Cycling,63,592,7112,128,77,7.1,3.4,2543,3,Beginner,2026-02-16,26-35,33.161444101245216,Obese,6-8 hours,1,42.94,Moderate,90,2026,2,February,16,Monday,False,2026-02
R0515,U097,User_097,33,Male,Karachi,179.5,93.8,Swimming,46,383,7918,146,70,9.5,3.4,2575,3,Beginner,2025-12-12,26-35,29.112126690512955,Overweight,More than 8 hours,1,39.2,Moderate,74,2025,12,December,12,Friday,False,2025-12
R0455,U071,User_071,20,Female,Faisalabad,164.7,50.3,Walking,56,253,9269,118,74,7.1,3.0,2864,2,Beginner,2026-03-31,18-25,18.543033662426105,Normal Weight,6-8 hours,1,33.35,Moderate,58,2026,3,March,31,Tuesday,False,2026-03
R0338,U005,User_005,32,Male,Gujranwala,174.6,73.7,HIIT,49,549,7792,124,66,6.8,2.5,2567,5,Intermediate,2025-10-10,26-35,24.175697290091314,Normal Weight,6-8 hours,2,46.01,Moderate,59,2025,10,October,10,Friday,False,2025-10
R0237,U038,User_038,61,Male,Quetta,174.9,84.2,Yoga,55,195,9858,122,66,6.7,3.2,2462,4,Beginner,2026-07-15,56+,27.525326078677317,Overweight,6-8 hours,1,38.72,Moderate,80,2026,7,July,15,Wednesday,False,2026-07
R0208,U014,User_014,40,Male,Quetta,155.4,62.7,Running,57,544,8784,144,78,5.7,2.5,2421,4,Beginner,2025-12-01,36-45,25.963636002246037,Overweight,Less than 6 hours,1,44.39,Moderate,36,2025,12,December,1,Monday,False,2025-12
R0213,U100,User_100,43,Male,Multan,173.2,60.5,Cycling,61,513,12387,138,73,8.4,3.0,2716,5,Professional,2026-01-27,36-45,20.167849847191036,Normal Weight,More than 8 hours,4,59.04,Good,84,2026,1,January,27,Tuesday,False,2026-01
R0296,U051,User_051,23,Female,Sialkot,169.6,89.4,HIIT,43,479,9906,126,61,6.7,2.9,2320,6,Advanced,2025-08-01,18-25,31.08034442862229,Obese,6-8 hours,3,49.9,Moderate,45,2025,8,August,1,Friday,False,2025-08
R0482,U038,User_038,61,Male,Quetta,174.9,84.2,Walking,59,349,8192,123,79,7.5,2.8,2622,2,Beginner,2025-11-02,56+,27.525326078677317,Overweight,6-8 hours,1,35.17,Moderate,80,2025,11,November,2,Sunday,True,2025-11
R0252,U035,User_035,18,Female,Karachi,174.1,68.7,Weight Training,94,696,11150,148,67,7.8,4.4,2608,5,Advanced,2026-05-08,18-25,22.665181168038735,Normal Weight,6-8 hours,3,68.07,Good,1,2026,5,May,8,Friday,False,2026-05
R0517,U008,User_008,28,Female,Quetta,173.3,53.4,HIIT,37,470,7731,117,73,6.0,2.4,2318,5,Professional,2025-10-11,26-35,17.780506637889324,Underweight,Less than 6 hours,4,39.76,Moderate,67,2025,10,October,11,Saturday,True,2025-10
R0483,U051,User_051,23,Female,Sialkot,169.6,89.4,Walking,28,131,4765,128,75,8.3,2.2,2551,2,Intermediate,2026-08-08,18-25,31.08034442862229,Obese,More than 8 hours,2,17.47,Low,45,2026,8,August,8,Saturday,True,2026-08
R0304,U072,User_072,19,Male,Sialkot,163.1,50.9,Running,41,419,12285,131,70,6.9,2.8,2189,3,Advanced,2026-04-20,18-25,19.134180224430025,Normal Weight,6-8 hours,3,42.62,Moderate,57,2026,4,April,20,Monday,False,2026-04
R0351,U027,User_027,30,Male,Multan,178.7,83.2,Cycling,51,435,9765,135,76,7.6,3.4,2223,4,Intermediate,2026-03-15,26-35,26.053988749812504,Overweight,6-8 hours,2,45.23,Moderate,23,2026,3,March,15,Sunday,True,2026-03
R0270,U078,User_078,37,Male,Quetta,178.3,69.6,Walking,42,208,6780,114,73,6.9,3.6,2341,3,Beginner,2026-05-14,36-45,21.89306433383903,Normal Weight,6-8 hours,1,27.37,Moderate,30,2026,5,May,14,Thursday,False,2026-05
R0202,U097,User_097,33,Male,Karachi,179.5,93.8,HIIT,35,369,10796,108,66,7.2,2.4,2534,4,Advanced,2026-08-02,26-35,29.112126690512955,Overweight,6-8 hours,3,41.05,Moderate,74,2026,8,August,2,Sunday,True,2026-08
R0162,U075,User_075,37,Female,Rawalpindi,157.7,76.7,Cycling,62,547,8142,157,73,7.3,3.9,2960,5,Advanced,2025-10-24,36-45,30.84125039355768,Obese,6-8 hours,3,50.47,Good,9,2025,10,October,24,Friday,False,2025-10
R0044,U016,User_016,45,Male,Karachi,176.7,64.6,Running,57,634,11529,141,68,6.1,3.0,2342,3,Beginner,2025-11-03,36-45,20.689948944508338,Normal Weight,6-8 hours,1,49.06,Moderate,79,2025,11,November,3,Monday,False,2025-11
R0218,U050,User_050,58,Male,Karachi,178.8,53.8,Walking,42,220,8920,122,61,5.1,3.7,2239,5,Intermediate,2026-01-18,56+,16.828571285577723,Underweight,Less than 6 hours,2,35.25,Moderate,71,2026,1,January,18,Sunday,True,2026-01
R0402,U015,User_015,35,Male,Gujranwala,165.0,68.9,Swimming,60,584,8147,123,65,7.8,3.0,2428,6,Advanced,2026-01-23,26-35,25.30762167125804,Overweight,6-8 hours,3,55.12,Good,27,2026,1,January,23,Friday,False,2026-01
R0191,U008,User_008,28,Female,Quetta,173.3,53.4,HIIT,24,300,7988,139,69,7.9,2.5,2120,5,Intermediate,2025-09-30,26-35,17.780506637889324,Underweight,6-8 hours,2,36.09,Moderate,67,2025,9,September,30,Tuesday,False,2025-09
R0310,U094,User_094,26,Female,Peshawar,170.2,60.4,Weight Training,71,461,12235,157,66,8.5,4.0,2182,6,Advanced,2026-05-31,26-35,20.85056496746069,Normal Weight,More than 8 hours,3,63.26,Good,11,2026,5,May,31,Sunday,True,2026-05
R0260,U072,User_072,19,Male,Sialkot,163.1,50.9,Running,44,463,9621,123,70,5.8,2.7,2715,2,Beginner,2026-08-08,18-25,19.134180224430025,Normal Weight,Less than 6 hours,1,34.35,Moderate,57,2026,8,August,8,Saturday,True,2026-08
R0106,U002,User_002,31,Female,Islamabad,182.1,63.0,Swimming,29,322,10120,123,76,5.5,2.8,2355,5,Advanced,2026-05-19,26-35,18.99855882360924,Normal Weight,Less than 6 hours,3,37.7,Moderate,72,2026,5,May,19,Tuesday,False,2026-05
R0054,U093,User_093,31,Female,Lahore,165.0,73.5,Walking,33,131,9759,127,74,7.8,2.9,2326,3,Beginner,2026-06-15,26-35,26.997245179063363,Overweight,6-8 hours,1,30.32,Moderate,63,2026,6,June,15,Monday,False,2026-06
R0390,U046,User_046,24,Female,Sialkot,152.2,80.9,Running,43,401,6763,132,66,6.6,2.5,2551,7,Advanced,2026-03-21,18-25,34.92361699886553,Obese,6-8 hours,3,45.29,Moderate,88,2026,3,March,21,Saturday,True,2026-03
R0002,U098,User_098,38,Male,Islamabad,169.1,86.4,Weight Training,70,519,9961,138,66,7.3,3.8,2337,5,Professional,2025-12-06,36-45,30.21527333106953,Obese,6-8 hours,4,54.97,Good,38,2025,12,December,6,Saturday,True,2025-12
R0466,U030,User_030,38,Male,Faisalabad,160.6,73.8,Weight Training,84,570,12877,144,65,5.2,4.7,2403,3,Beginner,2026-06-10,36-45,28.613124196467485,Overweight,Less than 6 hours,1,54.69,Good,52,2026,6,June,10,Wednesday,False,2026-06
R0511,U072,User_072,19,Male,Sialkot,163.1,50.9,Cycling,73,739,11549,154,67,7.6,4.5,2149,6,Advanced,2026-08-08,18-25,19.134180224430025,Normal Weight,6-8 hours,3,68.01,Good,57,2026,8,August,8,Saturday,True,2026-08
R0050,U067,User_067,18,Male,Gujranwala,173.5,75.7,HIIT,47,514,10175,118,75,6.3,3.4,2138,5,Advanced,2025-10-22,18-25,25.14762185550914,Overweight,6-8 hours,3,48.2,Moderate,17,2025,10,October,22,Wednesday,False,2025-10
R0420,U007,User_007,50,Male,Multan,159.4,95.8,Weight Training,97,700,9179,143,71,7.4,4.7,2336,3,Beginner,2026-02-20,46-55,37.704125728697164,Obese,6-8 hours,1,57.9,Good,18,2026,2,February,20,Friday,False,2026-02
R0081,U026,User_026,29,Female,Islamabad,174.0,63.6,Walking,58,283,8738,140,75,6.7,3.3,2882,4,Intermediate,2026-04-07,26-35,21.00673801030519,Normal Weight,6-8 hours,2,39.59,Moderate,46,2026,4,April,7,Tuesday,False,2026-04
R0035,U066,User_066,48,Male,Faisalabad,168.0,75.7,Cycling,62,610,10270,118,68,6.5,3.3,2697,3,Intermediate,2026-02-08,46-55,26.82114512471656,Overweight,6-8 hours,2,47.97,Moderate,78,2026,2,February,8,Sunday,True,2026-02
R0431,U025,User_025,18,Male,Rawalpindi,172.2,59.6,Weight Training,72,499,10410,140,65,7.8,3.8,2725,7,Advanced,2025-10-27,18-25,20.099255248401164,Normal Weight,6-8 hours,3,63.26,Good,24,2025,10,October,27,Monday,False,2025-10
R0264,U030,User_030,38,Male,Faisalabad,160.6,73.8,Cardio,43,350,8774,132,72,8.4,2.4,2599,5,Intermediate,2025-10-10,36-45,28.613124196467485,Overweight,More than 8 hours,2,44.06,Moderate,52,2025,10,October,10,Friday,False,2025-10
R0428,U051,User_051,23,Female,Sialkot,169.6,89.4,Cycling,54,420,9212,136,64,6.7,3.5,2871,3,Intermediate,2025-09-19,18-25,31.08034442862229,Obese,6-8 hours,2,39.68,Moderate,45,2025,9,September,19,Friday,False,2025-09
R0499,U092,User_092,55,Female,Sialkot,156.1,72.2,Walking,47,218,7207,114,77,5.1,3.6,2654,2,Beginner,2025-10-11,46-55,29.629982258945528,Overweight,Less than 6 hours,1,23.21,Low,87,2025,10,October,11,Saturday,True,2025-10
R0367,U082,User_082,39,Female,Gujranwala,162.6,67.7,Weight Training,43,264,8746,122,58,7.5,2.0,2816,7,Professional,2026-08-13,36-45,25.606344624331857,Overweight,6-8 hours,4,46.98,Moderate,51,2026,8,August,13,Thursday,False,2026-08
R0092,U001,User_001,35,Male,Multan,169.1,75.0,Weight Training,55,397,6363,140,64,6.3,3.8,2466,5,Advanced,2026-02-02,26-35,26.22853587766452,Overweight,6-8 hours,3,40.08,Moderate,42,2026,2,February,2,Monday,False,2026-02
R0340,U047,User_047,49,Male,Multan,175.2,59.7,Swimming,54,551,9060,131,78,7.8,3.0,2015,4,Beginner,2026-04-10,46-55,19.449396384562462,Normal Weight,6-8 hours,1,47.91,Moderate,39,2026,4,April,10,Friday,False,2026-04
R0501,U050,User_050,58,Male,Karachi,178.8,53.8,Cycling,61,566,8752,128,70,6.5,3.3,2455,4,Intermediate,2026-08-05,56+,16.828571285577723,Underweight,6-8 hours,2,47.16,Moderate,71,2026,8,August,5,Wednesday,False,2026-08
R0053,U027,User_027,30,Male,Multan,178.7,83.2,Walking,31,124,5629,126,75,7.6,3.7,2358,4,Advanced,2025-09-01,26-35,26.053988749812504,Overweight,6-8 hours,3,25.07,Moderate,23,2025,9,September,1,Monday,False,2025-09
R0346,U095,User_095,24,Female,Faisalabad,182.0,72.4,Yoga,45,153,8013,124,70,7.5,2.9,2398,2,Beginner,2026-06-05,18-25,21.857263615505374,Normal Weight,6-8 hours,1,26.61,Moderate,96,2026,6,June,5,Friday,False,2026-06
R0265,U035,User_035,18,Female,Karachi,174.1,68.7,Running,71,805,12841,136,65,8.3,3.9,2858,6,Professional,2025-08-17,18-25,22.665181168038735,Normal Weight,More than 8 hours,4,72.77,Good,1,2025,8,August,17,Sunday,True,2025-08
R0242,U069,User_069,37,Male,Islamabad,158.2,64.9,Running,74,706,12294,148,59,8.2,2.7,2626,5,Beginner,2026-05-09,36-45,25.931744770897634,Overweight,More than 8 hours,1,66.45,Good,48,2026,5,May,9,Saturday,True,2026-05
R0014,U038,User_038,61,Male,Quetta,174.9,84.2,HIIT,37,345,10713,135,60,7.2,3.1,2170,6,Intermediate,2026-06-04,56+,27.525326078677317,Overweight,6-8 hours,2,47.42,Moderate,80,2026,6,June,4,Thursday,False,2026-06
R0316,U097,User_097,33,Male,Karachi,179.5,93.8,HIIT,15,169,5404,97,71,5.4,2.3,2149,3,Intermediate,2026-03-27,26-35,29.112126690512955,Overweight,Less than 6 hours,2,15.04,Low,74,2026,3,March,27,Friday,False,2026-03
R0089,U081,User_081,55,Female,Peshawar,180.4,73.0,HIIT,50,439,9680,128,68,7.7,3.1,2441,6,Professional,2026-06-15,46-55,22.43105982763113,Normal Weight,6-8 hours,4,51.77,Good,14,2026,6,June,15,Monday,False,2026-06
R0388,U023,User_023,34,Male,Lahore,169.5,84.2,Running,42,453,6955,111,74,7.7,2.4,2547,3,Beginner,2026-07-23,26-35,29.307089217810496,Overweight,6-8 hours,1,35.25,Moderate,73,2026,7,July,23,Thursday,False,2026-07
R0274,U089,User_089,45,Female,Lahore,166.7,82.4,Cycling,55,452,9258,112,78,6.1,2.6,2551,1,Beginner,2026-06-02,36-45,29.652137958730997,Overweight,6-8 hours,1,33.13,Moderate,61,2026,6,June,2,Tuesday,False,2026-06
R0167,U024,User_024,31,Male,Faisalabad,158.7,81.4,Running,53,518,8612,146,76,6.8,3.1,2265,1,Beginner,2026-05-08,26-35,32.319940410606186,Obese,6-8 hours,1,34.33,Moderate,81,2026,5,May,8,Friday,False,2026-05
R0329,U031,User_031,55,Female,Sialkot,173.6,91.2,Cycling,65,586,8554,139,72,6.4,3.6,2454,3,Beginner,2025-09-28,46-55,30.26184459215528,Obese,6-8 hours,1,44.73,Moderate,10,2025,9,September,28,Sunday,True,2025-09
R0520,U096,User_096,25,Male,Faisalabad,156.1,79.5,HIIT,41,451,13737,120,78,7.5,3.5,2698,3,Beginner,2026-06-05,18-25,32.62581149011315,Obese,6-8 hours,1,47.12,Moderate,69,2026,6,June,5,Friday,False,2026-06
R0135,U067,User_067,18,Male,Gujranwala,173.5,75.7,Walking,49,297,12014,139,70,6.4,2.6,2186,3,Beginner,2026-06-28,18-25,25.14762185550914,Overweight,6-8 hours,1,40.05,Moderate,17,2026,6,June,28,Sunday,True,2026-06
R0307,U015,User_015,35,Male,Gujranwala,165.0,68.9,Cardio,60,581,7799,129,69,6.1,3.6,2566,2,Beginner,2026-01-12,26-35,25.30762167125804,Overweight,6-8 hours,1,38.22,Moderate,27,2026,1,January,12,Monday,False,2026-01
R0509,U087,User_087,47,Female,Islamabad,145.0,70.4,Weight Training,61,437,9529,148,62,7.6,3.8,2693,7,Professional,2026-04-04,46-55,33.48394768133175,Obese,6-8 hours,4,57.17,Good,70,2026,4,April,4,Saturday,True,2026-04
R0320,U068,User_068,36,Female,Gujranwala,176.8,64.4,Walking,26,136,10855,107,74,8.3,2.4,2322,3,Beginner,2025-09-27,36-45,20.602567514997645,Normal Weight,More than 8 hours,1,31.67,Moderate,94,2025,9,September,27,Saturday,True,2025-09
R0244,U060,User_060,51,Male,Multan,174.7,69.8,Cardio,39,387,11011,115,68,6.8,3.3,2574,3,Intermediate,2026-06-07,46-55,22.870181575480284,Normal Weight,6-8 hours,2,38.83,Moderate,82,2026,6,June,7,Sunday,True,2026-06
R0055,U032,User_032,36,Male,Karachi,173.6,63.1,Yoga,72,267,11413,157,65,7.6,3.4,2178,5,Advanced,2025-08-12,36-45,20.93774554566884,Normal Weight,6-8 hours,3,52.21,Good,26,2025,8,August,12,Tuesday,False,2025-08
R0364,U090,User_090,39,Male,Multan,157.8,66.0,Weight Training,73,515,10857,138,73,5.0,3.2,3044,3,Beginner,2026-08-15,36-45,26.505129947423455,Overweight,Less than 6 hours,1,46.68,Moderate,65,2026,8,August,15,Saturday,True,2026-08
R0051,U096,User_096,25,Male,Faisalabad,156.1,79.5,Walking,45,229,8565,128,74,5.9,2.7,2329,2,Beginner,2025-08-25,18-25,32.62581149011315,Obese,Less than 6 hours,1,26.87,Moderate,69,2025,8,August,25,Monday,False,2025-08
R0481,U094,User_094,26,Female,Peshawar,170.2,60.4,Walking,43,226,6429,123,78,5.9,2.8,2474,1,Beginner,2026-08-01,26-35,20.85056496746069,Normal Weight,Less than 6 hours,1,19.06,Low,11,2026,8,August,1,Saturday,True,2026-08
R0175,U095,User_095,24,Female,Faisalabad,182.0,72.4,Swimming,51,451,6135,111,82,7.1,3.0,2189,1,Beginner,2026-02-20,18-25,21.857263615505374,Normal Weight,6-8 hours,1,28.11,Moderate,96,2026,2,February,20,Friday,False,2026-02
R0446,U081,User_081,55,Female,Peshawar,180.4,71.7,Walking,45,231,9893,132,58,7.1,3.4,2138,7,Professional,2026-02-06,46-55,22.031602597824005,Normal Weight,6-8 hours,4,48.05,Moderate,14,2026,2,February,6,Friday,False,2026-02
R0190,U075,User_075,37,Female,Rawalpindi,157.7,76.7,Cardio,62,580,13741,128,65,7.0,3.2,2449,3,Beginner,2026-03-22,36-45,30.84125039355768,Obese,6-8 hours,1,54.44,Good,9,2026,3,March,22,Sunday,True,2026-03
R0464,U062,User_062,30,Male,Faisalabad,170.7,67.2,Running,44,411,8299,128,67,6.6,2.9,2429,5,Intermediate,2026-01-01,26-35,23.062279479822056,Normal Weight,6-8 hours,2,41.94,Moderate,47,2026,1,January,1,Thursday,False,2026-01
R0188,U066,User_066,48,Male,Faisalabad,168.0,75.7,Walking,38,201,10091,104,71,5.0,2.9,2685,3,Intermediate,2026-02-24,46-55,26.82114512471656,Overweight,Less than 6 hours,2,29.16,Moderate,78,2026,2,February,24,Tuesday,False,2026-02
R0476,U001,User_001,35,Male,Multan,169.1,75.0,Cycling,57,449,8661,118,71,7.0,3.3,2724,2,Beginner,2026-07-13,26-35,26.22853587766452,Overweight,6-8 hours,1,37.27,Moderate,42,2026,7,July,13,Monday,False,2026-07
R0170,U003,User_003,35,Female,Peshawar,166.6,73.0,Walking,15,80,6069,93,75,7.0,2.8,2191,2,Beginner,2026-08-12,26-35,26.301036621131047,Overweight,6-8 hours,1,13.36,Low,28,2026,8,August,12,Wednesday,False,2026-08
R0059,U019,User_019,30,Male,Rawalpindi,170.6,77.4,Cycling,67,616,10493,153,66,6.3,3.5,2533,6,Advanced,2025-08-01,26-35,26.593953620694634,Overweight,6-8 hours,3,59.36,Good,20,2025,8,August,1,Friday,False,2025-08
R0475,U018,User_018,30,Male,Sialkot,157.8,84.7,HIIT,27,333,11331,116,68,7.8,2.2,2561,5,Advanced,2025-10-02,26-35,34.0149167658601,Obese,6-8 hours,3,43.61,Moderate,3,2025,10,October,2,Thursday,False,2025-10
R0049,U025,User_025,18,Male,Rawalpindi,172.2,59.6,Weight Training,57,424,9542,124,74,7.8,3.1,2640,2,Beginner,2026-04-06,18-25,20.099255248401164,Normal Weight,6-8 hours,1,39.6,Moderate,24,2026,4,April,6,Monday,False,2026-04
R0345,U027,User_027,30,Male,Multan,178.7,83.2,HIIT,44,469,9785,114,73,8.7,2.3,2955,2,Beginner,2026-05-15,26-35,26.053988749812504,Overweight,More than 8 hours,1,39.68,Moderate,23,2026,5,May,15,Friday,False,2026-05
R0236,U024,User_024,31,Male,Faisalabad,158.7,81.4,Cardio,54,413,10377,122,70,7.3,3.0,2598,2,Intermediate,2026-07-21,26-35,32.319940410606186,Obese,6-8 hours,2,39.32,Moderate,81,2026,7,July,21,Tuesday,False,2026-07
R0253,U001,User_001,35,Male,Multan,169.1,75.0,Yoga,80,319,6332,140,70,7.4,4.1,2525,5,Intermediate,2026-01-22,26-35,26.22853587766452,Overweight,6-8 hours,2,45.7,Moderate,42,2026,1,January,22,Thursday,False,2026-01
R0022,U029,User_029,35,Female,Islamabad,156.6,71.7,Running,48,598,6176,127,74,7.1,2.6,2714,2,Beginner,2026-06-22,26-35,29.237190685202318,Overweight,6-8 hours,1,34.55,Moderate,55,2026,6,June,22,Monday,False,2026-06
R0314,U038,User_038,61,Male,Quetta,174.9,84.2,HIIT,36,414,8788,138,68,6.5,3.8,2411,5,Advanced,2026-02-27,56+,27.525326078677317,Overweight,6-8 hours,3,40.89,Moderate,80,2026,2,February,27,Friday,False,2026-02
R0460,U087,User_087,47,Female,Islamabad,145.0,70.4,Walking,29,135,9066,113,68,8.7,2.8,2056,3,Beginner,2026-07-09,46-55,33.48394768133175,Obese,More than 8 hours,1,29.72,Moderate,70,2026,7,July,9,Thursday,False,2026-07
R0161,U094,User_094,26,Female,Peshawar,170.2,60.4,Running,47,535,5120,146,77,7.8,2.9,2462,4,Intermediate,2026-08-08,26-35,20.85056496746069,Normal Weight,6-8 hours,2,38.62,Moderate,11,2026,8,August,8,Saturday,True,2026-08
R0277,U018,User_018,30,Male,Sialkot,157.8,84.7,Weight Training,90,605,12199,165,61,7.2,4.3,2839,6,Professional,2026-03-06,26-35,34.0149167658601,Obese,6-8 hours,4,69.08,Good,3,2026,3,March,6,Friday,False,2026-03
R0444,U049,User_049,40,Male,Lahore,164.8,56.9,Swimming,45,427,9858,139,66,8.3,3.7,2312,4,Beginner,2025-11-14,36-45,20.950666886605706,Normal Weight,More than 8 hours,1,44.97,Moderate,53,2025,11,November,14,Friday,False,2025-11
R0192,U026,User_026,29,Female,Islamabad,174.0,63.6,Cycling,69,659,6648,138,66,6.4,4.0,2718,4,Advanced,2026-06-03,26-35,21.00673801030519,Normal Weight,6-8 hours,3,47.34,Moderate,46,2026,6,June,3,Wednesday,False,2026-06
R0386,U086,User_086,43,Male,Multan,168.5,95.0,Yoga,61,181,11258,152,65,7.1,3.5,2436,4,Intermediate,2025-10-13,36-45,33.45983499018217,Obese,6-8 hours,2,43.01,Moderate,75,2025,10,October,13,Monday,False,2025-10
R0294,U078,User_078,37,Male,Quetta,178.3,69.6,Cycling,68,610,11501,135,65,7.8,4.1,2481,4,Advanced,2026-07-12,36-45,21.89306433383903,Normal Weight,6-8 hours,3,57.15,Good,30,2026,7,July,12,Sunday,True,2026-07
R0414,U063,User_063,43,Female,Peshawar,163.0,78.2,Weight Training,80,607,9791,140,56,5.3,4.0,2823,3,Beginner,2025-08-19,36-45,29.43279762128797,Overweight,Less than 6 hours,1,49.18,Moderate,54,2025,8,August,19,Tuesday,False,2025-08
R0492,U010,User_010,28,Female,Quetta,175.4,45.0,Weight Training,75,520,11890,131,66,5.7,4.4,2656,6,Intermediate,2025-10-08,26-35,14.62693514351949,Underweight,Less than 6 hours,2,60.35,Good,15,2025,10,October,8,Wednesday,False,2025-10
R0344,U002,User_002,31,Female,Islamabad,182.1,63.0,Cycling,48,468,7507,122,65,6.7,3.1,2283,4,Beginner,2026-07-18,26-35,18.99855882360924,Normal Weight,6-8 hours,1,39.7,Moderate,72,2026,7,July,18,Saturday,True,2026-07
R0258,U064,User_064,20,Male,Faisalabad,176.7,63.5,HIIT,28,294,3651,118,73,7.6,3.2,2827,1,Beginner,2025-10-22,18-25,20.33764331232631,Normal Weight,6-8 hours,1,15.04,Low,64,2025,10,October,22,Wednesday,False,2025-10
R0309,U033,User_033,37,Male,Gujranwala,173.6,80.2,Walking,55,297,11483,127,73,6.3,3.3,2586,3,Beginner,2025-08-12,36-45,26.611841406697955,Overweight,6-8 hours,1,40.3,Moderate,62,2025,8,August,12,Tuesday,False,2025-08
R0150,U059,User_059,24,Male,Faisalabad,188.3,86.6,Weight Training,49,344,9166,150,57,6.2,2.3,2840,6,Advanced,2025-09-11,18-25,24.42402590864568,Normal Weight,6-8 hours,3,45.66,Moderate,85,2025,9,September,11,Thursday,False,2025-09
R0131,U084,User_084,41,Male,Karachi,176.0,59.6,Running,67,716,12734,131,65,7.5,3.4,2695,6,Professional,2026-06-17,36-45,19.240702479338843,Normal Weight,6-8 hours,4,68.04,Good,60,2026,6,June,17,Wednesday,False,2026-06
R0152,U059,User_059,24,Male,Faisalabad,188.3,86.6,Weight Training,56,389,9106,140,69,5.7,3.8,2439,3,Intermediate,2026-05-05,18-25,24.42402590864568,Normal Weight,Less than 6 hours,2,37.48,Moderate,85,2026,5,May,5,Tuesday,False,2026-05
R0360,U047,User_047,49,Male,Multan,175.2,59.7,Cardio,25,236,8597,128,75,6.8,2.4,2279,5,Intermediate,2026-05-20,46-55,19.449396384562462,Normal Weight,6-8 hours,2,33.97,Moderate,39,2026,5,May,20,Wednesday,False,2026-05
R0100,U014,User_014,40,Male,Quetta,155.4,62.7,Running,54,523,7343,107,62,6.9,3.8,2380,3,Intermediate,2026-02-01,36-45,25.963636002246037,Overweight,6-8 hours,2,39.19,Moderate,36,2026,2,February,1,Sunday,True,2026-02
R0373,U100,User_100,43,Male,Multan,173.2,60.5,Walking,37,202,11586,119,64,7.3,2.7,2760,2,Beginner,2026-06-09,36-45,20.167849847191036,Normal Weight,6-8 hours,1,32.24,Moderate,84,2026,6,June,9,Tuesday,False,2026-06
R0088,U061,User_061,25,Male,Islamabad,150.8,59.6,HIIT,18,181,8869,116,76,9.0,2.1,2280,2,Beginner,2025-12-03,18-25,26.208585158553145,Overweight,More than 8 hours,1,25.14,Moderate,22,2025,12,December,3,Wednesday,False,2025-12
R0459,U094,User_094,26,Female,Peshawar,170.2,60.4,HIIT,63,697,11871,153,59,7.5,3.4,2105,6,Advanced,2026-02-11,26-35,20.85056496746069,Normal Weight,6-8 hours,3,65.04,Good,11,2026,2,February,11,Wednesday,False,2026-02
R0331,U100,User_100,43,Male,Multan,173.2,60.5,HIIT,50,491,6274,106,75,9.2,2.7,2244,1,Beginner,2026-07-01,36-45,20.167849847191036,Normal Weight,More than 8 hours,1,32.68,Moderate,84,2026,7,July,1,Wednesday,False,2026-07
R0215,U003,User_003,35,Female,Peshawar,166.6,73.0,Weight Training,68,549,9363,128,75,6.3,3.9,2218,3,Beginner,2026-06-26,26-35,26.301036621131047,Overweight,6-8 hours,1,45.81,Moderate,28,2026,6,June,26,Friday,False,2026-06
R0467,U029,User_029,32,Female,Islamabad,156.6,71.7,Weight Training,72,469,12570,160,67,8.2,3.7,2459,6,Advanced,2025-12-24,26-35,29.237190685202318,Overweight,More than 8 hours,3,63.81,Good,55,2025,12,December,24,Wednesday,False,2025-12
R0122,U039,User_039,32,Female,Lahore,166.2,91.6,Yoga,24,93,7484,121,70,6.2,3.1,2271,3,Intermediate,2026-04-19,26-35,33.161444101245216,Obese,6-8 hours,2,20.38,Low,90,2026,4,April,19,Sunday,True,2026-04
R0021,U005,User_005,32,Male,Gujranwala,174.6,73.7,Walking,22,128,8979,102,82,7.0,2.6,2799,1,Beginner,2025-10-10,26-35,24.175697290091314,Normal Weight,6-8 hours,1,18.23,Low,59,2025,10,October,10,Friday,False,2025-10
R0072,U090,User_090,39,Male,Multan,157.8,66.0,Running,55,614,10836,131,70,6.1,3.4,2435,3,Intermediate,2026-04-08,36-45,26.505129947423455,Overweight,6-8 hours,2,46.82,Moderate,65,2026,4,April,8,Wednesday,False,2026-04
R0107,U026,User_026,29,Female,Islamabad,174.0,63.6,HIIT,39,371,8310,128,71,6.2,2.4,2112,3,Intermediate,2025-09-17,26-35,21.00673801030519,Normal Weight,6-8 hours,2,32.45,Moderate,46,2025,9,September,17,Wednesday,False,2025-09
R0271,U026,User_026,29,Female,Islamabad,174.0,63.6,HIIT,47,449,8182,122,65,7.6,3.1,2287,3,Intermediate,2026-06-12,26-35,21.00673801030519,Normal Weight,6-8 hours,2,38.4,Moderate,46,2026,6,June,12,Friday,False,2026-06
R0436,U033,User_033,37,Male,Gujranwala,173.6,80.2,Walking,45,219,12007,125,65,7.0,3.2,2902,5,Intermediate,2025-12-18,36-45,26.611841406697955,Overweight,6-8 hours,2,44.8,Moderate,62,2025,12,December,18,Thursday,False,2025-12
R0103,U087,User_087,47,Female,Islamabad,145.0,70.4,Cardio,44,394,9292,119,70,8.6,3.0,2141,4,Beginner,2026-04-22,46-55,33.48394768133175,Obese,More than 8 hours,1,43.37,Moderate,70,2026,4,April,22,Wednesday,False,2026-04
